Time (s),CH1 Current (A),CH1 Voltage (V)
0:00:00,0.0,7.5
0:00:00.203384,0.0,7.5
0:00:00.405007,0.03,7.5
0:00:00.619272,0.03,7.5
0:00:00.833697,0.03,7.5
0:00:01.035597,0.03,7.5
0:00:01.237662,0.03,7.5
0:00:01.440621,0.03,7.5
0:00:01.643306,0.03,7.5
0:00:01.857715,0.03,7.5
0:00:02.062244,0.03,7.5
0:00:02.265189,0.03,7.5
0:00:02.479691,0.03,7.5
0:00:02.682169,0.03,7.5
0:00:02.886072,0.03,7.5
0:00:03.087306,0.03,7.5
0:00:03.288801,0.01,7.5
0:00:03.491112,0.01,7.5
0:00:03.692370,0.01,7.5
0:00:03.892939,0.01,7.5
0:00:04.106658,0.01,7.5
0:00:04.315062,0.01,7.5
0:00:04.516354,0.01,7.5
0:00:04.717264,0.01,7.5
0:00:04.931910,0.01,7.5
0:00:05.133921,0.01,7.5
0:00:05.338101,0.01,7.5
0:00:05.539497,0.01,7.5
0:00:05.741075,0.01,7.5
0:00:05.942108,0.01,7.5
0:00:06.142386,0.01,7.5
0:00:06.346757,0.01,7.5
0:00:06.551628,0.01,7.5
0:00:06.756691,0.01,7.5
0:00:06.959393,0.01,7.5
0:00:07.162192,0.01,7.5
0:00:07.365054,0.01,7.5
0:00:07.566412,0.01,7.5
0:00:07.768042,0.01,7.5
0:00:07.969998,0.01,7.5
0:00:08.172009,0.01,7.5
0:00:08.376524,0.01,7.5
0:00:08.578722,0.01,7.5
0:00:08.779165,0.01,7.5
0:00:08.993790,0.01,7.5
0:00:09.195357,0.01,7.5
0:00:09.397333,0.01,7.5
0:00:09.599001,0.01,7.5
0:00:09.802283,0.01,7.5
0:00:10.005670,0.01,7.5
0:00:10.207739,0.01,7.5
0:00:10.409181,0.01,7.5
0:00:10.610690,0.01,7.5
0:00:10.824886,0.01,7.5
0:00:11.026168,0.01,7.5
0:00:11.239151,0.01,7.5
0:00:11.454489,0.01,7.5
0:00:11.656128,0.01,7.5
0:00:11.871969,0.01,7.5
0:00:12.072172,0.01,7.5
0:00:12.273345,0.01,7.5
0:00:12.475549,0.01,7.5
0:00:12.679335,0.01,7.5
0:00:12.881407,0.01,7.5
0:00:13.082324,0.01,7.5
0:00:13.286886,0.01,7.5
0:00:13.488554,0.01,7.5
0:00:13.690130,0.01,7.5
0:00:13.892515,0.01,7.5
0:00:14.093336,0.01,7.5
0:00:14.294916,0.01,7.5
0:00:14.497139,0.01,7.5
0:00:14.699676,0.01,7.5
0:00:14.902121,0.01,7.5
0:00:15.104627,0.01,7.5
0:00:15.308060,0.01,7.5
0:00:15.510815,0.01,7.5
0:00:15.711934,0.01,7.5
0:00:15.913552,0.01,7.5
0:00:16.114424,0.01,7.5
0:00:16.316139,0.01,7.5
0:00:16.517321,0.01,7.5
0:00:16.720264,0.01,7.5
0:00:16.921011,0.01,7.5
0:00:17.123942,0.01,7.5
0:00:17.324316,0.01,7.5
0:00:17.527104,0.01,7.5
0:00:17.728493,0.01,7.5
0:00:17.930094,0.01,7.5
0:00:18.133820,0.01,7.5
0:00:18.334699,0.01,7.5
0:00:18.539579,0.01,7.5
0:00:18.741125,0.01,7.5
0:00:18.945264,0.01,7.5
0:00:19.146301,0.01,7.5
0:00:19.347684,0.01,7.5
0:00:19.548194,0.01,7.5
0:00:19.751280,0.01,7.5
0:00:19.952276,0.01,7.5
0:00:20.154262,0.01,7.5
0:00:20.357988,0.01,7.5
0:00:20.558049,0.03,7.5
0:00:20.760163,0.03,7.5
0:00:20.962260,0.33,7.5
0:00:21.163384,0.54,7.5
0:00:21.367455,0.61,7.5
0:00:21.570071,0.61,7.5
0:00:21.771468,0.58,7.5
0:00:21.974067,0.6,7.5
0:00:22.176087,0.6,7.5
0:00:22.378920,0.59,7.5
0:00:22.579615,0.59,7.5
0:00:22.783833,0.6,7.5
0:00:22.986370,0.6,7.5
0:00:23.187078,0.59,7.5
0:00:23.391095,0.59,7.5
0:00:23.592332,0.59,7.5
0:00:23.795023,0.51,7.5
0:00:23.996992,0.5,7.5
0:00:24.199380,0.55,7.5
0:00:24.415419,0.55,7.5
0:00:24.617716,0.54,7.5
0:00:24.822121,0.55,7.5
0:00:25.036237,0.55,7.5
0:00:25.237533,0.54,7.5
0:00:25.439273,0.55,7.5
0:00:25.642109,0.54,7.5
0:00:25.844792,0.54,7.5
0:00:26.046106,0.44,7.5
0:00:26.260698,0.43,7.5
0:00:26.463059,0.43,7.5
0:00:26.667862,0.44,7.5
0:00:26.872229,0.44,7.5
0:00:27.074157,0.44,7.5
0:00:27.276598,0.44,7.5
0:00:27.478069,0.5,7.5
0:00:27.683014,0.35,7.5
0:00:27.884812,0.35,7.5
0:00:28.086465,0.43,7.5
0:00:28.287878,0.42,7.5
0:00:28.489902,0.44,7.5
0:00:28.691894,0.44,7.5
0:00:28.893749,0.43,7.5
0:00:29.094349,0.43,7.5
0:00:29.297763,0.43,7.5
0:00:29.501967,0.42,7.5
0:00:29.702490,0.43,7.5
0:00:29.903798,0.42,7.5
0:00:30.104235,0.42,7.5
0:00:30.307592,0.43,7.5
0:00:30.522013,0.43,7.5
0:00:30.737873,0.43,7.5
0:00:30.938867,0.43,7.5
0:00:31.142150,0.43,7.5
0:00:31.343971,0.49,7.5
0:00:31.545288,0.49,7.5
0:00:31.747075,0.44,7.5
0:00:31.947226,0.44,7.5
0:00:32.150362,0.44,7.5
0:00:32.350466,0.43,7.5
0:00:32.551180,0.45,7.5
0:00:32.753615,0.44,7.5
0:00:32.956323,0.44,7.5
0:00:33.159199,0.45,7.5
0:00:33.375076,0.5,7.5
0:00:33.578557,0.5,7.5
0:00:33.780078,0.45,7.5
0:00:33.982111,0.39,7.5
0:00:34.197212,0.43,7.5
0:00:34.398666,0.43,7.5
0:00:34.600094,0.43,7.5
0:00:34.803039,0.43,7.5
0:00:35.005159,0.43,7.5
0:00:35.207668,0.42,7.5
0:00:35.409251,0.42,7.5
0:00:35.611322,0.42,7.5
0:00:35.812901,0.42,7.5
0:00:36.013302,0.43,7.5
0:00:36.215637,0.41,7.5
0:00:36.417625,0.41,7.5
0:00:36.620944,0.44,7.5
0:00:36.821980,0.41,7.5
0:00:37.023517,0.44,7.5
0:00:37.225539,0.44,7.5
0:00:37.427261,0.49,7.5
0:00:37.629126,0.44,7.5
0:00:37.831310,0.44,7.5
0:00:38.034027,0.41,7.5
0:00:38.236371,0.44,7.5
0:00:38.439786,0.43,7.5
0:00:38.642355,0.43,7.5
0:00:38.843168,0.43,7.5
0:00:39.044293,0.43,7.5
0:00:39.248282,0.43,7.5
0:00:39.450163,0.43,7.5
0:00:39.652426,0.42,7.5
0:00:39.853198,0.42,7.5
0:00:40.057025,0.42,7.5
0:00:40.259655,0.43,7.5
0:00:40.460250,0.42,7.5
0:00:40.662798,0.42,7.5
0:00:40.864896,0.43,7.5
0:00:41.065015,0.42,7.5
0:00:41.266268,0.42,7.5
0:00:41.468997,0.49,7.5
0:00:41.671122,0.43,7.5
0:00:41.872319,0.42,7.5
0:00:42.073236,0.42,7.5
0:00:42.276083,0.43,7.5
0:00:42.477168,0.43,7.5
0:00:42.680120,0.43,7.5
0:00:42.881119,0.42,7.5
0:00:43.083300,0.44,7.5
0:00:43.287349,0.48,7.5
0:00:43.488807,0.48,7.5
0:00:43.692602,0.44,7.5
0:00:43.892782,0.41,7.5
0:00:44.093841,0.41,7.5
0:00:44.296059,0.43,7.5
0:00:44.498249,0.43,7.5
0:00:44.700948,0.43,7.5
0:00:44.902125,0.42,7.5
0:00:45.104795,0.42,7.5
0:00:45.305300,0.42,7.5
0:00:45.508863,0.42,7.5
0:00:45.710758,0.42,7.5
0:00:45.911211,0.41,7.5
0:00:46.113159,0.41,7.5
0:00:46.316268,0.43,7.5
0:00:46.519221,0.42,7.5
0:00:46.719301,0.43,7.5
0:00:46.920288,0.43,7.5
0:00:47.123559,0.43,7.5
0:00:47.325834,0.43,7.5
0:00:47.531424,0.43,7.5
0:00:47.734145,0.41,7.5
0:00:47.935618,0.43,7.5
0:00:48.150828,0.42,7.5
0:00:48.352322,0.42,7.5
0:00:48.556172,0.43,7.5
0:00:48.770244,0.43,7.5
0:00:48.972417,0.43,7.5
0:00:49.173075,0.42,7.5
0:00:49.387949,0.41,7.5
0:00:49.589350,0.44,7.5
0:00:49.792309,0.44,7.5
0:00:49.992327,0.42,7.5
0:00:50.192572,0.43,7.5
0:00:50.393766,0.43,7.5
0:00:50.594413,0.42,7.5
0:00:50.798304,0.44,7.5
0:00:51.001094,0.41,7.5
0:00:51.202378,0.41,7.5
0:00:51.404352,0.44,7.5
0:00:51.605065,0.43,7.5
0:00:51.819098,0.43,7.5
0:00:52.022171,0.43,7.5
0:00:52.226288,0.43,7.5
0:00:52.442108,0.43,7.5
0:00:52.645982,0.43,7.5
0:00:52.846256,0.43,7.5
0:00:53.047518,0.43,7.5
0:00:53.250524,0.43,7.5
0:00:53.453350,0.42,7.5
0:00:53.668372,0.42,7.5
0:00:53.871007,0.34,7.5
0:00:54.073623,0.34,7.5
0:00:54.275216,0.25,7.5
0:00:54.477047,0.25,7.5
0:00:54.690575,0.33,7.5
0:00:54.893412,0.33,7.5
0:00:55.095503,0.43,7.5
0:00:55.297972,0.44,7.5
0:00:55.499226,0.44,7.5
0:00:55.701968,0.42,7.5
0:00:55.903356,0.43,7.5
0:00:56.118582,0.43,7.5
0:00:56.319234,0.43,7.5
0:00:56.523794,0.43,7.5
0:00:56.725265,0.42,7.5
0:00:56.926429,0.42,7.5
0:00:57.129994,0.42,7.5
0:00:57.333779,0.42,7.5
0:00:57.549206,0.42,7.5
0:00:57.761085,0.42,7.5
0:00:57.964595,0.43,7.5
0:00:58.180107,0.42,7.5
0:00:58.382794,0.43,7.5
0:00:58.584839,0.43,7.5
0:00:58.786954,0.42,7.5
0:00:58.989813,0.42,7.5
0:00:59.192109,0.42,7.5
0:00:59.396491,0.42,7.5
0:00:59.600419,0.42,7.5
0:00:59.805124,0.42,7.5
0:01:00.005891,0.42,7.5
0:01:00.206355,0.44,7.5
0:01:00.410945,0.42,7.5
0:01:00.611227,0.42,7.5
0:01:00.816279,0.44,7.5
0:01:01.017354,0.41,7.5
0:01:01.219985,0.41,7.5
0:01:01.434968,0.42,7.5
0:01:01.635695,0.43,7.5
0:01:01.837406,0.43,7.5
0:01:02.039108,0.43,7.5
0:01:02.241651,0.42,7.5
0:01:02.443384,0.42,7.5
0:01:02.645330,0.42,7.5
0:01:02.860926,0.42,7.5
0:01:03.064011,0.66,7.5
0:01:03.266101,0.59,7.5
0:01:03.466277,0.59,7.5
0:01:03.667584,0.6,7.5
0:01:03.867677,0.4,7.5
0:01:04.069014,0.4,7.5
0:01:04.270564,0.39,7.5
0:01:04.471726,0.39,7.5
0:01:04.676848,0.39,7.5
0:01:04.880207,0.39,7.5
0:01:05.082683,0.4,7.5
0:01:05.285798,0.39,7.5
0:01:05.487153,0.39,7.5
0:01:05.688856,0.4,7.5
0:01:05.904055,0.39,7.5
0:01:06.108686,0.4,7.5
0:01:06.310342,0.4,7.5
0:01:06.514936,0.38,7.5
0:01:06.717542,0.4,7.5
0:01:06.919294,0.39,7.5
0:01:07.121411,0.39,7.5
0:01:07.322133,0.39,7.5
0:01:07.526073,0.39,7.5
0:01:07.729284,0.39,7.5
0:01:07.931312,0.39,7.5
0:01:08.135517,0.38,7.5
0:01:08.338356,0.38,7.5
0:01:08.553297,0.38,7.5
0:01:08.755421,0.4,7.5
0:01:08.970471,0.39,7.5
0:01:09.172260,0.39,7.5
0:01:09.374759,0.4,7.5
0:01:09.577067,0.43,7.5
0:01:09.778773,0.43,7.5
0:01:09.979740,0.43,7.5
0:01:10.181441,0.42,7.5
0:01:10.384783,0.42,7.5
0:01:10.599817,0.42,7.5
0:01:10.815188,0.58,7.5
0:01:11.017624,0.6,7.5
0:01:11.218371,0.49,7.5
0:01:11.418940,0.49,7.5
0:01:11.622156,0.39,7.5
0:01:11.824050,0.4,7.5
0:01:12.025853,0.4,7.5
0:01:12.227336,0.39,7.5
0:01:12.430129,0.4,7.5
0:01:12.632108,0.41,7.5
0:01:12.832775,0.41,7.5
0:01:13.035906,0.4,7.5
0:01:13.237486,0.41,7.5
0:01:13.439404,0.41,7.5
0:01:13.653990,0.4,7.5
0:01:13.857097,0.4,7.5
0:01:14.060440,0.38,7.5
0:01:14.261009,0.38,7.5
0:01:14.463615,0.4,7.5
0:01:14.667223,0.39,7.5
0:01:14.869371,0.39,7.5
0:01:15.072158,0.4,7.5
0:01:15.275166,0.39,7.5
0:01:15.478057,0.4,7.5
0:01:15.681098,0.4,7.5
0:01:15.881706,0.39,7.5
0:01:16.085079,0.38,7.5
0:01:16.286953,0.38,7.5
0:01:16.489127,0.39,7.5
0:01:16.693932,0.39,7.5
0:01:16.909154,0.4,7.5
0:01:17.112255,0.4,7.5
0:01:17.314964,0.39,7.5
0:01:17.516357,0.4,7.5
0:01:17.719065,0.4,7.5
0:01:17.920042,0.39,7.5
0:01:18.120172,0.38,7.5
0:01:18.322007,0.39,7.5
0:01:18.524269,0.39,7.5
0:01:18.725438,0.4,7.5
0:01:18.928928,0.39,7.5
0:01:19.131096,0.39,7.5
0:01:19.332557,0.4,7.5
0:01:19.537095,0.42,7.5
0:01:19.737783,0.42,7.5
0:01:19.942262,0.63,7.5
0:01:20.142314,0.59,7.5
0:01:20.343402,0.5,7.5
0:01:20.549398,0.5,7.5
0:01:20.753833,0.4,7.5
0:01:20.956146,0.4,7.5
0:01:21.157218,0.4,7.5
0:01:21.357981,0.4,7.5
0:01:21.560677,0.4,7.5
0:01:21.764036,0.39,7.5
0:01:21.979010,0.39,7.5
0:01:22.181038,0.39,7.5
0:01:22.383565,0.4,7.5
0:01:22.587377,0.39,7.5
0:01:22.787770,0.39,7.5
0:01:22.989254,0.4,7.5
0:01:23.193535,0.39,7.5
0:01:23.409305,0.39,7.5
0:01:23.623196,0.4,7.5
0:01:23.823693,0.37,7.5
0:01:24.023986,0.4,7.5
0:01:24.239873,0.4,7.5
0:01:24.443357,0.39,7.5
0:01:24.646316,0.4,7.5
0:01:24.849966,0.4,7.5
0:01:25.051164,0.39,7.5
0:01:25.265092,0.4,7.5
0:01:25.467987,0.39,7.5
0:01:25.669599,0.39,7.5
0:01:25.870340,0.38,7.5
0:01:26.072076,0.39,7.5
0:01:26.275370,0.39,7.5
0:01:26.490806,0.4,7.5
0:01:26.693924,0.39,7.5
0:01:26.894328,0.4,7.5
0:01:27.099004,0.4,7.5
0:01:27.300954,0.39,7.5
0:01:27.501965,0.39,7.5
0:01:27.705766,0.39,7.5
0:01:27.906755,0.38,7.5
0:01:28.121706,0.39,7.5
0:01:28.325410,0.39,7.5
0:01:28.526198,0.39,7.5
0:01:28.727222,0.39,7.5
0:01:28.928713,0.39,7.5
0:01:29.132059,0.39,7.5
0:01:29.333787,0.43,7.5
0:01:29.536603,0.43,7.5
0:01:29.751428,0.43,7.5
0:01:29.954046,0.43,7.5
0:01:30.157061,0.43,7.5
0:01:30.358600,0.42,7.5
0:01:30.559225,0.42,7.5
0:01:30.761705,0.43,7.5
0:01:30.962311,0.43,7.5
0:01:31.176271,0.43,7.5
0:01:31.378999,0.43,7.5
0:01:31.580928,0.42,7.5
0:01:31.782364,0.43,7.5
0:01:31.983934,0.43,7.5
0:01:32.184229,0.43,7.5
0:01:32.386097,0.42,7.5
0:01:32.587038,0.43,7.5
0:01:32.792314,0.43,7.5
0:01:32.993380,0.44,7.5
0:01:33.195701,0.43,7.5
0:01:33.397388,0.43,7.5
0:01:33.599908,0.44,7.5
0:01:33.802259,0.43,7.5
0:01:34.002761,0.44,7.5
0:01:34.204830,0.44,7.5
0:01:34.405997,0.41,7.5
0:01:34.610478,0.43,7.5
0:01:34.812051,0.43,7.5
0:01:35.013359,0.42,7.5
0:01:35.216116,0.43,7.5
0:01:35.417513,0.42,7.5
0:01:35.618048,0.42,7.5
0:01:35.818730,0.43,7.5
0:01:36.021284,0.42,7.5
0:01:36.223979,0.42,7.5
0:01:36.437532,0.42,7.5
0:01:36.638502,0.43,7.5
0:01:36.839234,0.42,7.5
0:01:37.042669,0.42,7.5
0:01:37.245012,0.43,7.5
0:01:37.460213,0.43,7.5
0:01:37.660458,0.43,7.5
0:01:37.862620,0.43,7.5
0:01:38.064091,0.41,7.5
0:01:38.265534,0.42,7.5
0:01:38.467981,0.42,7.5
0:01:38.669600,0.42,7.5
0:01:38.871997,0.44,7.5
0:01:39.073143,0.44,7.5
0:01:39.288368,0.42,7.5
0:01:39.502298,0.43,7.5
0:01:39.704544,0.41,7.5
0:01:39.906297,0.41,7.5
0:01:40.107443,0.42,7.5
0:01:40.309171,0.43,7.5
0:01:40.524142,0.43,7.5
0:01:40.725273,0.43,7.5
0:01:40.926753,0.42,7.5
0:01:41.127959,0.42,7.5
0:01:41.330010,0.42,7.5
0:01:41.531725,0.43,7.5
0:01:41.734100,0.42,7.5
0:01:41.936032,0.42,7.5
0:01:42.138781,0.42,7.5
0:01:42.339631,0.42,7.5
0:01:42.554961,0.43,7.5
0:01:42.757095,0.43,7.5
0:01:42.959978,0.42,7.5
0:01:43.164849,0.43,7.5
0:01:43.366109,0.43,7.5
0:01:43.567538,0.43,7.5
0:01:43.769290,0.42,7.5
0:01:43.970834,0.43,7.5
0:01:44.171991,0.43,7.5
0:01:44.387610,0.42,7.5
0:01:44.588056,0.43,7.5
0:01:44.788848,0.43,7.5
0:01:44.990085,0.43,7.5
0:01:45.192318,0.43,7.5
0:01:45.393024,0.42,7.5
0:01:45.594062,0.42,7.5
0:01:45.796832,0.42,7.5
0:01:45.997407,0.42,7.5
0:01:46.201096,0.42,7.5
0:01:46.402987,0.42,7.5
0:01:46.605053,0.43,7.5
0:01:46.807173,0.41,7.5
0:01:47.009125,0.41,7.5
0:01:47.209806,0.43,7.5
0:01:47.424466,0.42,7.5
0:01:47.627994,0.42,7.5
0:01:47.828973,0.43,7.5
0:01:48.029784,0.41,7.5
0:01:48.232472,0.43,7.5
0:01:48.435204,0.43,7.5
0:01:48.635490,0.43,7.5
0:01:48.849838,0.43,7.5
0:01:49.051920,0.43,7.5
0:01:49.253318,0.25,7.5
0:01:49.456202,0.25,7.5
0:01:49.671048,0.25,7.5
0:01:49.872300,0.25,7.5
0:01:50.074774,0.25,7.5
0:01:50.278165,0.25,7.5
0:01:50.480423,0.25,7.5
0:01:50.682323,0.25,7.5
0:01:50.884761,0.25,7.5
0:01:51.087658,0.25,7.5
0:01:51.290306,0.25,7.5
0:01:51.492712,0.25,7.5
0:01:51.695343,0.25,7.5
0:01:51.897647,0.25,7.5
0:01:52.097973,0.25,7.5
0:01:52.300309,0.25,7.5
0:01:52.501829,0.25,7.5
0:01:52.704339,0.25,7.5
0:01:52.919744,0.25,7.5
0:01:53.124830,0.25,7.5
0:01:53.324903,0.25,7.5
0:01:53.526106,0.25,7.5
0:01:53.726995,0.25,7.5
0:01:53.932109,0.25,7.5
0:01:54.135262,0.25,7.5
0:01:54.350823,0.25,7.5
0:01:54.552235,0.25,7.5
0:01:54.755527,0.25,7.5
0:01:54.957157,0.25,7.5
0:01:55.158997,0.25,7.5
0:01:55.361312,0.25,7.5
0:01:55.563961,0.25,7.5
0:01:55.766906,0.25,7.5
0:01:55.967824,0.25,7.5
0:01:56.169868,0.25,7.5
0:01:56.372116,0.25,7.5
0:01:56.573210,0.25,7.5
0:01:56.775592,0.25,7.5
0:01:56.979919,0.25,7.5
0:01:57.182086,0.25,7.5
0:01:57.382953,0.25,7.5
0:01:57.585002,0.25,7.5
0:01:57.785065,0.25,7.5
0:01:57.987787,0.25,7.5
0:01:58.189791,0.25,7.5
0:01:58.394999,0.25,7.5
0:01:58.598216,0.25,7.5
0:01:58.799208,0.25,7.5
0:01:59.001633,0.25,7.5
0:01:59.203802,0.25,7.5
0:01:59.406348,0.25,7.5
0:01:59.608341,0.25,7.5
0:01:59.811810,0.25,7.5
0:02:00.015379,0.25,7.5
0:02:00.217452,0.25,7.5
0:02:00.422901,0.25,7.5
0:02:00.635940,0.25,7.5
0:02:00.839853,0.25,7.5
0:02:01.042322,0.25,7.5
0:02:01.257479,0.33,7.5
0:02:01.460425,0.43,7.5
0:02:01.674823,0.44,7.5
0:02:01.877288,0.44,7.5
0:02:02.077988,0.43,7.5
0:02:02.280026,0.42,7.5
0:02:02.481298,0.42,7.5
0:02:02.682231,0.42,7.5
0:02:02.882804,0.43,7.5
0:02:03.083417,0.41,7.5
0:02:03.289193,0.41,7.5
0:02:03.491001,0.43,7.5
0:02:03.705964,0.41,7.5
0:02:03.910639,0.43,7.5
0:02:04.112094,0.43,7.5
0:02:04.315130,0.42,7.5
0:02:04.517244,0.43,7.5
0:02:04.719786,0.43,7.5
0:02:04.921126,0.42,7.5
0:02:05.135399,0.42,7.5
0:02:05.335414,0.43,7.5
0:02:05.537664,0.43,7.5
0:02:05.738926,0.42,7.5
0:02:05.940075,0.42,7.5
0:02:06.143078,0.42,7.5
0:02:06.345042,0.42,7.5
0:02:06.546377,0.42,7.5
0:02:06.750416,0.43,7.5
0:02:06.951117,0.43,7.5
0:02:07.151894,0.43,7.5
0:02:07.353971,0.43,7.5
0:02:07.555344,0.43,7.5
0:02:07.757987,0.42,7.5
0:02:07.958922,0.41,7.5
0:02:08.161409,0.41,7.5
0:02:08.364135,0.44,7.5
0:02:08.567033,0.42,7.5
0:02:08.768704,0.42,7.5
0:02:08.983983,0.42,7.5
0:02:09.185028,0.41,7.5
0:02:09.389041,0.43,7.5
0:02:09.591313,0.41,7.5
0:02:09.791655,0.41,7.5
0:02:09.995519,0.42,7.5
0:02:10.195924,0.41,7.5
0:02:10.398049,0.41,7.5
0:02:10.600982,0.42,7.5
0:02:10.803254,0.42,7.5
0:02:11.006156,0.42,7.5
0:02:11.210208,0.43,7.5
0:02:11.425291,0.43,7.5
0:02:11.625968,0.42,7.5
0:02:11.827050,0.42,7.5
0:02:12.027885,0.42,7.5
0:02:12.231601,0.43,7.5
0:02:12.433600,0.43,7.5
0:02:12.635056,0.43,7.5
0:02:12.838999,0.42,7.5
0:02:13.040101,0.43,7.5
0:02:13.243568,0.43,7.5
0:02:13.444786,0.41,7.5
0:02:13.646513,0.43,7.5
0:02:13.849143,0.43,7.5
0:02:14.050168,0.42,7.5
0:02:14.253972,0.43,7.5
0:02:14.455728,0.41,7.5
0:02:14.659162,0.41,7.5
0:02:14.861550,0.43,7.5
0:02:15.063509,0.42,7.5
0:02:15.267094,0.42,7.5
0:02:15.467418,0.43,7.5
0:02:15.669061,0.42,7.5
0:02:15.871145,0.42,7.5
0:02:16.075731,0.42,7.5
0:02:16.279732,0.43,7.5
0:02:16.484748,0.42,7.5
0:02:16.688938,0.42,7.5
0:02:16.897140,0.42,7.5
0:02:17.100667,0.43,7.5
0:02:17.306661,0.43,7.5
0:02:17.509442,0.43,7.5
0:02:17.717432,0.44,7.5
0:02:17.925490,0.41,7.5
0:02:18.133449,0.41,7.5
0:02:18.340544,0.43,7.5
0:02:18.544449,0.42,7.5
0:02:18.752613,0.42,7.5
0:02:18.958028,0.42,7.5
0:02:19.161233,0.42,7.5
0:02:19.365053,0.41,7.5
0:02:19.567171,0.42,7.5
0:02:19.767845,0.42,7.5
0:02:19.970697,0.41,7.5
0:02:20.174929,0.42,7.5
0:02:20.376137,0.42,7.5
0:02:20.578038,0.42,7.5
0:02:20.779000,0.43,7.5
0:02:20.981892,0.43,7.5
0:02:21.183411,0.42,7.5
0:02:21.384983,0.27,7.5
0:02:21.589561,0.25,7.5
0:02:21.790791,0.25,7.5
0:02:21.994545,0.25,7.5
0:02:22.196390,0.25,7.5
0:02:22.399285,0.25,7.5
0:02:22.600149,0.25,7.5
0:02:22.802108,0.25,7.5
0:02:23.003498,0.25,7.5
0:02:23.206747,0.25,7.5
0:02:23.408589,0.25,7.5
0:02:23.609410,0.25,7.5
0:02:23.811223,0.25,7.5
0:02:24.015030,0.25,7.5
0:02:24.219197,0.25,7.5
0:02:24.433608,0.25,7.5
0:02:24.635385,0.25,7.5
0:02:24.835396,0.25,7.5
0:02:25.038957,0.25,7.5
0:02:25.240381,0.25,7.5
0:02:25.442543,0.25,7.5
0:02:25.643276,0.25,7.5
0:02:25.844922,0.25,7.5
0:02:26.047322,0.25,7.5
0:02:26.250434,0.25,7.5
0:02:26.451647,0.25,7.5
0:02:26.654926,0.25,7.5
0:02:26.854970,0.25,7.5
0:02:27.055063,0.25,7.5
0:02:27.256981,0.25,7.5
0:02:27.459565,0.25,7.5
0:02:27.661161,0.25,7.5
0:02:27.865812,0.25,7.5
0:02:28.068804,0.25,7.5
0:02:28.271924,0.25,7.5
0:02:28.473846,0.25,7.5
0:02:28.679059,0.43,7.5
0:02:28.894313,0.43,7.5
0:02:29.098073,0.42,7.5
0:02:29.300681,0.43,7.5
0:02:29.515251,0.43,7.5
0:02:29.717539,0.7,7.5
0:02:29.919130,0.58,7.5
0:02:30.120955,0.61,7.5
0:02:30.323038,0.61,7.5
0:02:30.525186,0.46,7.5
0:02:30.728142,0.4,7.5
0:02:30.929084,0.4,7.5
0:02:31.130458,0.4,7.5
0:02:31.332277,0.4,7.5
0:02:31.535193,0.39,7.5
0:02:31.738220,0.39,7.5
0:02:31.938760,0.4,7.5
0:02:32.141375,0.39,7.5
0:02:32.356454,0.39,7.5
0:02:32.557110,0.4,7.5
0:02:32.759432,0.39,7.5
0:02:32.959795,0.4,7.5
0:02:33.161085,0.4,7.5
0:02:33.363284,0.39,7.5
0:02:33.567118,0.39,7.5
0:02:33.767835,0.39,7.5
0:02:33.970362,0.39,7.5
0:02:34.171010,0.39,7.5
0:02:34.371590,0.39,7.5
0:02:34.573208,0.39,7.5
0:02:34.773478,0.38,7.5
0:02:34.977380,0.39,7.5
0:02:35.177603,0.39,7.5
0:02:35.380227,0.39,7.5
0:02:35.580998,0.39,7.5
0:02:35.781226,0.39,7.5
0:02:35.984442,0.39,7.5
0:02:36.188930,0.39,7.5
0:02:36.390297,0.38,7.5
0:02:36.593065,0.38,7.5
0:02:36.807636,0.39,7.5
0:02:37.011141,0.39,7.5
0:02:37.223776,0.4,7.5
0:02:37.431142,0.4,7.5
0:02:37.631793,0.39,7.5
0:02:37.832983,0.4,7.5
0:02:38.046590,0.4,7.5
0:02:38.249837,0.39,7.5
0:02:38.452164,0.39,7.5
0:02:38.655006,0.38,7.5
0:02:38.857904,0.38,7.5
0:02:39.060728,0.39,7.5
0:02:39.262972,0.39,7.5
0:02:39.465602,0.39,7.5
0:02:39.667423,0.39,7.5
0:02:39.868093,0.44,7.5
0:02:40.071122,0.43,7.5
0:02:40.272251,0.43,7.5
0:02:40.473816,0.65,7.5
0:02:40.675530,0.58,7.5
0:02:40.877959,0.58,7.5
0:02:41.078998,0.6,7.5
0:02:41.279699,0.4,7.5
0:02:41.481629,0.4,7.5
0:02:41.684981,0.41,7.5
0:02:41.885225,0.4,7.5
0:02:42.088085,0.39,7.5
0:02:42.289700,0.39,7.5
0:02:42.492108,0.39,7.5
0:02:42.693928,0.4,7.5
0:02:42.897725,0.4,7.5
0:02:43.098420,0.39,7.5
0:02:43.298568,0.4,7.5
0:02:43.500920,0.39,7.5
0:02:43.704033,0.39,7.5
0:02:43.918091,0.4,7.5
0:02:44.118434,0.38,7.5
0:02:44.318494,0.38,7.5
0:02:44.521152,0.4,7.5
0:02:44.723332,0.39,7.5
0:02:44.925942,0.4,7.5
0:02:45.127612,0.4,7.5
0:02:45.328506,0.39,7.5
0:02:45.530361,0.4,7.5
0:02:45.732946,0.4,7.5
0:02:45.933886,0.39,7.5
0:02:46.134870,0.39,7.5
0:02:46.337929,0.39,7.5
0:02:46.540976,0.39,7.5
0:02:46.740993,0.4,7.5
0:02:46.942954,0.39,7.5
0:02:47.143410,0.39,7.5
0:02:47.347591,0.4,7.5
0:02:47.549271,0.39,7.5
0:02:47.751254,0.39,7.5
0:02:47.957245,0.39,7.5
0:02:48.159208,0.39,7.5
0:02:48.359870,0.39,7.5
0:02:48.561997,0.39,7.5
0:02:48.763386,0.39,7.5
0:02:48.968152,0.43,7.5
0:02:49.169218,0.43,7.5
0:02:49.371162,0.44,7.5
0:02:49.573162,0.42,7.5
0:02:49.774998,0.65,7.5
0:02:49.977890,0.65,7.5
0:02:50.180061,0.59,7.5
0:02:50.382931,0.6,7.5
0:02:50.583865,0.6,7.5
0:02:50.786323,0.4,7.5
0:02:51.000581,0.4,7.5
0:02:51.207639,0.4,7.5
0:02:51.410679,0.4,7.5
0:02:51.612066,0.4,7.5
0:02:51.815393,0.39,7.5
0:02:52.016489,0.39,7.5
0:02:52.231219,0.4,7.5
0:02:52.433600,0.39,7.5
0:02:52.636739,0.4,7.5
0:02:52.838777,0.4,7.5
0:02:53.054294,0.39,7.5
0:02:53.257233,0.4,7.5
0:02:53.459001,0.4,7.5
0:02:53.661947,0.39,7.5
0:02:53.863258,0.4,7.5
0:02:54.065215,0.37,7.5
0:02:54.280336,0.37,7.5
0:02:54.482610,0.4,7.5
0:02:54.683543,0.39,7.5
0:02:54.884462,0.39,7.5
0:02:55.086175,0.39,7.5
0:02:55.289449,0.39,7.5
0:02:55.491779,0.4,7.5
0:02:55.704942,0.4,7.5
0:02:55.906907,0.39,7.5
0:02:56.108165,0.38,7.5
0:02:56.310175,0.38,7.5
0:02:56.513587,0.39,7.5
0:02:56.729278,0.39,7.5
0:02:56.944858,0.39,7.5
0:02:57.146836,0.39,7.5
0:02:57.348045,0.39,7.5
0:02:57.561802,0.39,7.5
0:02:57.765209,0.39,7.5
0:02:57.969925,0.39,7.5
0:02:58.174631,0.38,7.5
0:02:58.374655,0.39,7.5
0:02:58.576512,0.39,7.5
0:02:58.776551,0.4,7.5
0:02:58.977091,0.39,7.5
0:02:59.180170,0.39,7.5
0:02:59.382602,0.39,7.5
0:02:59.582790,0.43,7.5
0:02:59.783485,0.43,7.5
0:02:59.985397,0.43,7.5
0:03:00.187378,0.43,7.5
0:03:00.401302,0.44,7.5
0:03:00.609196,0.41,7.5
0:03:00.823983,0.41,7.5
0:03:01.027982,0.43,7.5
0:03:01.232338,0.43,7.5
0:03:01.433661,0.43,7.5
0:03:01.635041,0.44,7.5
0:03:01.838997,0.43,7.5
0:03:02.042317,0.42,7.5
0:03:02.243673,0.42,7.5
0:03:02.448284,0.41,7.5
0:03:02.649387,0.44,7.5
0:03:02.850175,0.44,7.5
0:03:03.051022,0.43,7.5
0:03:03.253837,0.43,7.5
0:03:03.469367,0.42,7.5
0:03:03.683209,0.42,7.5
0:03:03.883466,0.43,7.5
0:03:04.084880,0.42,7.5
0:03:04.286937,0.42,7.5
0:03:04.486938,0.42,7.5
0:03:04.690188,0.43,7.5
0:03:04.905827,0.43,7.5
0:03:05.107399,0.43,7.5
0:03:05.309185,0.43,7.5
0:03:05.511119,0.42,7.5
0:03:05.713170,0.42,7.5
0:03:05.914746,0.43,7.5
0:03:06.116178,0.43,7.5
0:03:06.317313,0.42,7.5
0:03:06.519410,0.42,7.5
0:03:06.720829,0.42,7.5
0:03:06.921998,0.44,7.5
0:03:07.134860,0.44,7.5
0:03:07.336034,0.43,7.5
0:03:07.539782,0.44,7.5
0:03:07.742123,0.43,7.5
0:03:07.943064,0.43,7.5
0:03:08.144822,0.42,7.5
0:03:08.347379,0.42,7.5
0:03:08.562006,0.42,7.5
0:03:08.765078,0.43,7.5
0:03:08.967983,0.43,7.5
0:03:09.168817,0.42,7.5
0:03:09.372085,0.42,7.5
0:03:09.586132,0.42,7.5
0:03:09.787135,0.43,7.5
0:03:09.988400,0.43,7.5
0:03:10.202891,0.41,7.5
0:03:10.405773,0.43,7.5
0:03:10.607378,0.41,7.5
0:03:10.809471,0.41,7.5
0:03:11.011752,0.44,7.5
0:03:11.226474,0.43,7.5
0:03:11.440793,0.43,7.5
0:03:11.641989,0.43,7.5
0:03:11.844038,0.42,7.5
0:03:12.045216,0.41,7.5
0:03:12.250029,0.41,7.5
0:03:12.464289,0.43,7.5
0:03:12.666333,0.43,7.5
0:03:12.867495,0.43,7.5
0:03:13.070037,0.43,7.5
0:03:13.273837,0.42,7.5
0:03:13.489050,0.43,7.5
0:03:13.690780,0.43,7.5
0:03:13.891335,0.41,7.5
0:03:14.093649,0.43,7.5
0:03:14.296656,0.42,7.5
0:03:14.508979,0.42,7.5
0:03:14.710084,0.43,7.5
0:03:14.914008,0.42,7.5
0:03:15.115120,0.42,7.5
0:03:15.316354,0.43,7.5
0:03:15.518997,0.42,7.5
0:03:15.720807,0.44,7.5
0:03:15.922884,0.44,7.5
0:03:16.125980,0.43,7.5
0:03:16.326897,0.42,7.5
0:03:16.530034,0.42,7.5
0:03:16.732495,0.43,7.5
0:03:16.935528,0.43,7.5
0:03:17.140217,0.42,7.5
0:03:17.354971,0.42,7.5
0:03:17.558189,0.44,7.5
0:03:17.760518,0.42,7.5
0:03:17.960784,0.42,7.5
0:03:18.163745,0.42,7.5
0:03:18.365491,0.43,7.5
0:03:18.565693,0.43,7.5
0:03:18.780999,0.43,7.5
0:03:18.983240,0.42,7.5
0:03:19.187391,0.42,7.5
0:03:19.390136,0.42,7.5
0:03:19.592419,0.42,7.5
0:03:19.794041,0.42,7.5
0:03:19.994453,0.42,7.5
0:03:20.197037,0.42,7.5
0:03:20.399097,0.42,7.5
0:03:20.614992,0.44,7.5
0:03:20.817163,0.01,7.5
0:03:21.017201,0.01,7.5
0:03:21.219017,0.01,7.5
0:03:21.422293,0.01,7.5
0:03:21.624275,0.01,7.5
0:03:21.825024,0.01,7.5
0:03:22.027194,0.01,7.5
0:03:22.232488,0.01,7.5
0:03:22.433699,0.01,7.5
0:03:22.635774,0.01,7.5
0:03:22.838128,0.01,7.5
0:03:23.040884,0.01,7.5
0:03:23.242319,0.01,7.5
0:03:23.442389,0.01,7.5
0:03:23.642661,0.01,7.5
0:03:23.844033,0.01,7.5
0:03:24.045895,0.01,7.5
0:03:24.248498,0.01,7.5
0:03:24.451015,0.01,7.5
0:03:24.651309,0.01,7.5
0:03:24.854360,0.01,7.5
0:03:25.057764,0.01,7.5
0:03:25.260153,0.01,7.5
0:03:25.462230,0.01,7.5
0:03:25.663232,0.01,7.5
0:03:25.878325,0.01,7.5
0:03:26.079196,0.01,7.5
0:03:26.281480,0.01,7.5
0:03:26.483488,0.01,7.5
0:03:26.685660,0.01,7.5
0:03:26.886007,0.01,7.5
0:03:27.086711,0.01,7.5
0:03:27.290162,0.01,7.5
0:03:27.505000,0.01,7.5
0:03:27.708582,0.01,7.5
0:03:27.909081,0.01,7.5
0:03:28.111232,0.01,7.5
0:03:28.326255,0.01,7.5
0:03:28.530062,0.01,7.5
0:03:28.744989,0.01,7.5
0:03:28.945758,0.01,7.5
0:03:29.149759,0.01,7.5
0:03:29.350593,0.01,7.5
0:03:29.552033,0.01,7.5
0:03:29.753988,0.01,7.5
0:03:29.955193,0.01,7.5
0:03:30.157000,0.01,7.5
0:03:30.357983,0.01,7.5
0:03:30.559094,0.01,7.5
0:03:30.774088,0.01,7.5
0:03:30.977116,0.01,7.5
0:03:31.179981,0.01,7.5
0:03:31.395006,0.01,7.5
0:03:31.596039,0.01,7.5
0:03:31.798998,0.01,7.5
0:03:32.001570,0.01,7.5
0:03:32.203456,0.01,7.5
0:03:32.405685,0.01,7.5
0:03:32.607904,0.01,7.5
0:03:32.809079,0.01,7.5
0:03:33.012489,0.01,7.5
0:03:33.213102,0.01,7.5
0:03:33.416017,0.01,7.5
0:03:33.618974,0.01,7.5
0:03:33.821427,0.01,7.5
0:03:34.035959,0.01,7.5
0:03:34.239290,0.01,7.5
0:03:34.439751,0.01,7.5
0:03:34.642250,0.01,7.5
0:03:34.857288,0.01,7.5
0:03:35.071910,0.01,7.5
0:03:35.272126,0.01,7.5
0:03:35.487364,0.01,7.5
0:03:35.689380,0.01,7.5
0:03:35.892448,0.01,7.5
0:03:36.094977,0.01,7.5
0:03:36.296351,0.01,7.5
0:03:36.497639,0.01,7.5
0:03:36.699085,0.01,7.5
0:03:36.901070,0.01,7.5
0:03:37.101940,0.01,7.5
0:03:37.305886,0.01,7.5
0:03:37.510188,0.01,7.5
0:03:37.712074,0.01,7.5
0:03:37.914987,0.01,7.5
0:03:38.118047,0.01,7.5
0:03:38.318823,0.01,7.5
0:03:38.520808,0.01,7.5
0:03:38.723837,0.01,7.5
0:03:38.927354,0.01,7.5
0:03:39.129673,0.01,7.5
0:03:39.333168,0.01,7.5
0:03:39.534783,0.01,7.5
0:03:39.738005,0.01,7.5
0:03:39.939950,0.01,7.5
0:03:40.142084,0.01,7.5
0:03:40.343271,0.01,7.5
0:03:40.544319,0.01,7.5
0:03:40.746276,0.01,7.5
0:03:40.951146,0.01,7.5
0:03:41.152361,0.01,7.5
0:03:41.354953,0.01,7.5
0:03:41.556231,0.01,7.5
0:03:41.757868,0.01,7.5
0:03:41.958951,0.01,7.5
0:03:42.159315,0.01,7.5
0:03:42.361339,0.01,7.5
0:03:42.566316,0.01,7.5
0:03:42.767982,0.01,7.5
0:03:42.971130,0.01,7.5
0:03:43.172295,0.01,7.5
0:03:43.373021,0.01,7.5
0:03:43.576531,0.01,7.5
0:03:43.778833,0.01,7.5
0:03:43.981266,0.01,7.5
0:03:44.185236,0.01,7.5
0:03:44.386915,0.01,7.5
0:03:44.587092,0.01,7.5
0:03:44.791187,0.01,7.5
0:03:44.993928,0.01,7.5
0:03:45.197800,0.01,7.5
0:03:45.413833,0.01,7.5
0:03:45.627544,0.01,7.5
0:03:45.831964,0.01,7.5
0:03:46.032391,0.01,7.5
0:03:46.233981,0.01,7.5
0:03:46.438010,0.01,7.5
0:03:46.640559,0.01,7.5
0:03:46.843503,0.01,7.5
0:03:47.043990,0.01,7.5
0:03:47.246658,0.01,7.5
0:03:47.449677,0.01,7.5
0:03:47.662893,0.01,7.5
0:03:47.866104,0.01,7.5
0:03:48.067184,0.01,7.5
0:03:48.269182,0.01,7.5
0:03:48.469836,0.01,7.5
0:03:48.670260,0.01,7.5
0:03:48.873863,0.01,7.5
0:03:49.075200,0.01,7.5
0:03:49.277296,0.01,7.5
0:03:49.492314,0.01,7.5
0:03:49.696871,0.01,7.5
0:03:49.910182,0.01,7.5
0:03:50.110561,0.01,7.5
0:03:50.325925,0.01,7.5
0:03:50.528011,0.01,7.5
0:03:50.729137,0.01,7.5
0:03:50.933970,0.01,7.5
0:03:51.136366,0.01,7.5
0:03:51.338989,0.01,7.5
0:03:51.543756,0.01,7.5
0:03:51.747640,0.01,7.5
0:03:51.963126,0.01,7.5
0:03:52.177899,0.01,7.5
0:03:52.381156,0.01,7.5
0:03:52.596672,0.01,7.5
0:03:52.797924,0.01,7.5
0:03:53.000086,0.01,7.5
0:03:53.214172,0.01,7.5
0:03:53.428814,0.01,7.5
0:03:53.632094,0.01,7.5
0:03:53.833810,0.01,7.5
0:03:54.039870,0.01,7.5
0:03:54.242288,0.01,7.5
0:03:54.443036,0.01,7.5
0:03:54.645325,0.01,7.5
0:03:54.847439,0.01,7.5
0:03:55.049335,0.01,7.5
0:03:55.251295,0.01,7.5
0:03:55.455033,0.01,7.5
0:03:55.656652,0.01,7.5
0:03:55.857629,0.01,7.5
0:03:56.058124,0.01,7.5
0:03:56.272060,0.01,7.5
0:03:56.472384,0.01,7.5
0:03:56.675040,0.01,7.5
0:03:56.875529,0.01,7.5
0:03:57.077917,0.01,7.5
0:03:57.280566,0.01,7.5
0:03:57.482122,0.01,7.5
0:03:57.684945,0.01,7.5
0:03:57.886165,0.01,7.5
0:03:58.087825,0.01,7.5
0:03:58.288937,0.01,7.5
0:03:58.493356,0.01,7.5
0:03:58.708040,0.01,7.5
0:03:58.911063,0.01,7.5
0:03:59.112956,0.01,7.5
0:03:59.315980,0.01,7.5
0:03:59.520060,0.01,7.5
0:03:59.724084,0.01,7.5
0:03:59.928132,0.01,7.5
0:04:00.132370,0.01,7.5
0:04:00.335220,0.01,7.5
0:04:00.536068,0.01,7.5
0:04:00.738134,0.01,7.5
0:04:00.939628,0.01,7.5
0:04:01.141941,0.01,7.5
0:04:01.344442,0.01,7.5
0:04:01.546065,0.01,7.5
0:04:01.748139,0.01,7.5
0:04:01.949990,0.01,7.5
0:04:02.153628,0.01,7.5
0:04:02.355829,0.01,7.5
0:04:02.558146,0.01,7.5
0:04:02.759493,0.01,7.5
0:04:02.960416,0.01,7.5
0:04:03.162946,0.01,7.5
0:04:03.365959,0.01,7.5
0:04:03.569359,0.01,7.5
0:04:03.771176,0.01,7.5
0:04:03.971602,0.01,7.5
0:04:04.172231,0.01,7.5
0:04:04.387438,0.01,7.5
0:04:04.589807,0.01,7.5
0:04:04.790725,0.01,7.5
0:04:04.992717,0.01,7.5
0:04:05.192978,0.01,7.5
0:04:05.393895,0.01,7.5
0:04:05.596767,0.01,7.5
0:04:05.800083,0.01,7.5
0:04:06.001592,0.01,7.5
0:04:06.202322,0.01,7.5
0:04:06.402409,0.01,7.5
0:04:06.606939,0.01,7.5
0:04:06.810773,0.01,7.5
0:04:07.012965,0.01,7.5
0:04:07.215452,0.01,7.5
0:04:07.416139,0.01,7.5
0:04:07.619755,0.01,7.5
0:04:07.821357,0.01,7.5
0:04:08.025762,0.01,7.5
0:04:08.229991,0.01,7.5
0:04:08.432159,0.01,7.5
0:04:08.632820,0.01,7.5
0:04:08.833112,0.01,7.5
0:04:09.035787,0.01,7.5
0:04:09.239676,0.01,7.5
0:04:09.440001,0.01,7.5
0:04:09.642130,0.01,7.5
0:04:09.845086,0.01,7.5
0:04:10.048997,0.01,7.5
0:04:10.263804,0.01,7.5
0:04:10.479075,0.01,7.5
0:04:10.684075,0.01,7.5
0:04:10.886236,0.01,7.5
0:04:11.087839,0.01,7.5
0:04:11.288989,0.01,7.5
0:04:11.489339,0.01,7.5
0:04:11.690649,0.01,7.5
0:04:11.891238,0.01,7.5
0:04:12.092653,0.01,7.5
0:04:12.297010,0.01,7.5
0:04:12.501971,0.01,7.5
0:04:12.702968,0.01,7.5
0:04:12.905250,0.01,7.5
0:04:13.107445,0.01,7.5
0:04:13.311232,0.01,7.5
0:04:13.514024,0.01,7.5
0:04:13.714246,0.01,7.5
0:04:13.916249,0.01,7.5
0:04:14.118065,0.01,7.5
0:04:14.319711,0.01,7.5
0:04:14.523888,0.01,7.5
0:04:14.727058,0.01,7.5
0:04:14.929905,0.01,7.5
0:04:15.144903,0.01,7.5
0:04:15.349842,0.01,7.5
0:04:15.549969,0.01,7.5
0:04:15.752929,0.01,7.5
0:04:15.954792,0.01,7.5
0:04:16.157256,0.01,7.5
0:04:16.359524,0.01,7.5
0:04:16.559575,0.01,7.5
0:04:16.761268,0.01,7.5
0:04:16.975013,0.01,7.5
0:04:17.188338,0.01,7.5
0:04:17.391167,0.01,7.5
0:04:17.594560,0.01,7.5
0:04:17.796226,0.01,7.5
0:04:17.998304,0.01,7.5
0:04:18.202147,0.01,7.5
0:04:18.402338,0.01,7.5
0:04:18.606575,0.01,7.5
0:04:18.807273,0.01,7.5
0:04:19.009527,0.01,7.5
0:04:19.210303,0.01,7.5
0:04:19.411102,0.01,7.5
0:04:19.612889,0.01,7.5
0:04:19.815056,0.01,7.5
0:04:20.018101,0.01,7.5
0:04:20.219751,0.01,7.5
0:04:20.423973,0.01,7.5
0:04:20.623995,0.01,7.5
0:04:20.826000,0.01,7.5
0:04:21.028370,0.01,7.5
0:04:21.231210,0.01,7.5
0:04:21.432109,0.01,7.5
0:04:21.636223,0.01,7.5
0:04:21.837329,0.01,7.5
0:04:22.051339,0.01,7.5
0:04:22.253963,0.01,7.5
0:04:22.455109,0.01,7.5
0:04:22.657520,0.01,7.5
0:04:22.872016,0.01,7.5
0:04:23.074127,0.01,7.5
0:04:23.275876,0.01,7.5
0:04:23.479359,0.01,7.5
0:04:23.681083,0.01,7.5
0:04:23.883732,0.01,7.5
0:04:24.086648,0.01,7.5
0:04:24.289625,0.01,7.5
0:04:24.504419,0.01,7.5
0:04:24.706356,0.01,7.5
0:04:24.919916,0.03,7.5
0:04:25.128920,0.03,7.5
0:04:25.330379,0.03,7.5
0:04:25.533616,0.03,7.5
0:04:25.735127,0.03,7.5
0:04:25.937313,0.03,7.5
0:04:26.152342,0.03,7.5
0:04:26.353913,0.03,7.5
0:04:26.556021,0.03,7.5
0:04:26.759000,0.03,7.5
0:04:26.960617,0.01,7.5
0:04:27.163134,0.01,7.5
0:04:27.366080,0.01,7.5
0:04:27.571100,0.01,7.5
0:04:27.772709,0.01,7.5
0:04:27.975183,0.01,7.5
0:04:28.176066,0.01,7.5
0:04:28.379126,0.01,7.5
0:04:28.582659,0.01,7.5
0:04:28.797454,0.01,7.5
0:04:29.000083,0.01,7.5
0:04:29.201561,0.01,7.5
0:04:29.404145,0.01,7.5
0:04:29.606366,0.01,7.5
0:04:29.808536,0.01,7.5
0:04:30.012357,0.01,7.5
0:04:30.216062,0.01,7.5
0:04:30.417095,0.01,7.5
0:04:30.632903,0.01,7.5
0:04:30.835010,0.01,7.5
0:04:31.036709,0.01,7.5
0:04:31.237454,0.01,7.5
0:04:31.438291,0.01,7.5
0:04:31.640675,0.01,7.5
0:04:31.844872,0.01,7.5
0:04:32.047697,0.01,7.5
0:04:32.247831,0.01,7.5
0:04:32.448304,0.01,7.5
0:04:32.662993,0.01,7.5
0:04:32.864063,0.01,7.5
0:04:33.078028,0.01,7.5
0:04:33.279170,0.01,7.5
0:04:33.480965,0.01,7.5
0:04:33.684982,0.01,7.5
0:04:33.885095,0.01,7.5
0:04:34.086000,0.01,7.5
0:04:34.288812,0.01,7.5
0:04:34.491367,0.01,7.5
0:04:34.692248,0.01,7.5
0:04:34.894804,0.01,7.5
0:04:35.096001,0.01,7.5
0:04:35.298048,0.01,7.5
0:04:35.500910,0.01,7.5
0:04:35.703311,0.01,7.5
0:04:35.903913,0.01,7.5
0:04:36.107005,0.01,7.5
0:04:36.309159,0.01,7.5
0:04:36.511288,0.01,7.5
0:04:36.712244,0.01,7.5
0:04:36.912297,0.01,7.5
0:04:37.115493,0.01,7.5
0:04:37.317789,0.01,7.5
0:04:37.521099,0.01,7.5
0:04:37.723982,0.01,7.5
0:04:37.939462,0.01,7.5
0:04:38.141218,0.01,7.5
0:04:38.343029,0.01,7.5
0:04:38.545519,0.01,7.5
0:04:38.746538,0.01,7.5
0:04:38.949212,0.01,7.5
0:04:39.151785,0.01,7.5
0:04:39.355428,0.01,7.5
0:04:39.556531,0.01,7.5
0:04:39.758659,0.01,7.5
0:04:39.959155,0.01,7.5
0:04:40.161205,0.01,7.5
0:04:40.364972,0.01,7.5
0:04:40.579672,0.01,7.5
0:04:40.783511,0.01,7.5
0:04:40.998983,0.01,7.5
0:04:41.202241,0.01,7.5
0:04:41.403310,0.01,7.5
0:04:41.607017,0.01,7.5
0:04:41.810897,0.01,7.5
0:04:42.013773,0.01,7.5
0:04:42.215824,0.01,7.5
0:04:42.418319,0.01,7.5
0:04:42.621153,0.01,7.5
0:04:42.823298,0.01,7.5
0:04:43.024704,0.01,7.5
0:04:43.227854,0.01,7.5
0:04:43.429139,0.01,7.5
0:04:43.631440,0.01,7.5
0:04:43.833973,0.01,7.5
0:04:44.036090,0.01,7.5
0:04:44.240260,0.01,7.5
0:04:44.454462,0.01,7.5
0:04:44.655219,0.01,7.5
0:04:44.857949,0.01,7.5
0:04:45.059663,0.01,7.5
0:04:45.263997,0.01,7.5
0:04:45.467184,0.01,7.5
0:04:45.668913,0.01,7.5
0:04:45.871008,0.01,7.5
0:04:46.072895,0.01,7.5
0:04:46.276041,0.01,7.5
0:04:46.479127,0.01,7.5
0:04:46.680572,0.01,7.5
0:04:46.882132,0.01,7.5
0:04:47.083439,0.01,7.5
0:04:47.286983,0.01,7.5
0:04:47.490015,0.03,7.5
0:04:47.691955,0.34,7.5
0:04:47.894924,0.53,7.5
0:04:48.096298,0.53,7.5
0:04:48.299116,0.61,7.5
0:04:48.500022,0.59,7.5
0:04:48.700308,0.59,7.5
0:04:48.902710,0.6,7.5
0:04:49.102827,0.59,7.5
0:04:49.306907,0.58,7.5
0:04:49.509140,0.58,7.5
0:04:49.712482,0.59,7.5
0:04:49.914363,0.59,7.5
0:04:50.116894,0.59,7.5
0:04:50.320903,0.57,7.5
0:04:50.535952,0.61,7.5
0:04:50.750694,0.5,7.5
0:04:50.953107,0.5,7.5
0:04:51.155985,0.51,7.5
0:04:51.357236,0.54,7.5
0:04:51.558486,0.55,7.5
0:04:51.773434,0.55,7.5
0:04:51.973995,0.55,7.5
0:04:52.177029,0.55,7.5
0:04:52.379181,0.55,7.5
0:04:52.580064,0.55,7.5
0:04:52.781224,0.55,7.5
0:04:52.982944,0.44,7.5
0:04:53.187280,0.44,7.5
0:04:53.388933,0.44,7.5
0:04:53.590846,0.44,7.5
0:04:53.792056,0.44,7.5
0:04:53.993945,0.43,7.5
0:04:54.195908,0.44,7.5
0:04:54.396143,0.44,7.5
0:04:54.597106,0.39,7.5
0:04:54.797400,0.44,7.5
0:04:54.998063,0.43,7.5
0:04:55.200915,0.43,7.5
0:04:55.401356,0.44,7.5
0:04:55.602895,0.42,7.5
0:04:55.805001,0.42,7.5
0:04:56.005306,0.43,7.5
0:04:56.206455,0.43,7.5
0:04:56.408295,0.44,7.5
0:04:56.611061,0.44,7.5
0:04:56.813327,0.41,7.5
0:04:57.016249,0.44,7.5
0:04:57.217778,0.44,7.5
0:04:57.419316,0.43,7.5
0:04:57.622051,0.44,7.5
0:04:57.837249,0.44,7.5
0:04:58.037816,0.44,7.5
0:04:58.241930,0.45,7.5
0:04:58.443741,0.39,7.5
0:04:58.645186,0.39,7.5
0:04:58.849018,0.43,7.5
0:04:59.052108,0.44,7.5
0:04:59.252797,0.44,7.5
0:04:59.457112,0.44,7.5
0:04:59.658815,0.43,7.5
0:04:59.862177,0.63,7.5
0:05:00.063522,0.63,7.5
0:05:00.279393,0.6,7.5
0:05:00.481015,0.59,7.5
0:05:00.681037,0.46,7.5
0:05:00.882923,0.46,7.5
0:05:01.085462,0.4,7.5
0:05:01.289152,0.4,7.5
0:05:01.491066,0.4,7.5
0:05:01.694837,0.4,7.5
0:05:01.896388,0.39,7.5
0:05:02.099197,0.39,7.5
0:05:02.302189,0.39,7.5
0:05:02.504958,0.4,7.5
0:05:02.706709,0.39,7.5
0:05:02.908309,0.39,7.5
0:05:03.111194,0.4,7.5
0:05:03.313345,0.39,7.5
0:05:03.515994,0.4,7.5
0:05:03.720094,0.4,7.5
0:05:03.920951,0.39,7.5
0:05:04.123315,0.4,7.5
0:05:04.327031,0.4,7.5
0:05:04.528889,0.39,7.5
0:05:04.730149,0.39,7.5
0:05:04.933952,0.39,7.5
0:05:05.137796,0.4,7.5
0:05:05.353542,0.39,7.5
0:05:05.556228,0.38,7.5
0:05:05.759159,0.38,7.5
0:05:05.960785,0.39,7.5
0:05:06.161470,0.4,7.5
0:05:06.365053,0.39,7.5
0:05:06.565939,0.39,7.5
0:05:06.767421,0.4,7.5
0:05:06.970001,0.39,7.5
0:05:07.170275,0.39,7.5
0:05:07.372150,0.4,7.5
0:05:07.572998,0.38,7.5
0:05:07.776032,0.38,7.5
0:05:07.978759,0.39,7.5
0:05:08.181551,0.39,7.5
0:05:08.382870,0.4,7.5
0:05:08.597968,0.4,7.5
0:05:08.800148,0.39,7.5
0:05:09.005027,0.39,7.5
0:05:09.205399,0.39,7.5
0:05:09.406981,0.38,7.5
0:05:09.610312,0.38,7.5
0:05:09.813985,0.39,7.5
0:05:10.015220,0.39,7.5
0:05:10.215776,0.39,7.5
0:05:10.417373,0.39,7.5
0:05:10.632847,0.39,7.5
0:05:10.834987,0.39,7.5
0:05:11.050109,0.4,7.5
0:05:11.253616,0.37,7.5
0:05:11.457325,0.37,7.5
0:05:11.659685,0.4,7.5
0:05:11.863983,0.39,7.5
0:05:12.065794,0.4,7.5
0:05:12.270736,0.4,7.5
0:05:12.474217,0.39,7.5
0:05:12.689896,0.44,7.5
0:05:12.892293,0.44,7.5
0:05:13.094343,0.42,7.5
0:05:13.297943,0.5,7.5
0:05:13.501094,0.63,7.5
0:05:13.702863,0.63,7.5
0:05:13.903366,0.6,7.5
0:05:14.104303,0.48,7.5
0:05:14.305966,0.48,7.5
0:05:14.508082,0.41,7.5
0:05:14.712011,0.4,7.5
0:05:14.914184,0.41,7.5
0:05:15.116002,0.41,7.5
0:05:15.317584,0.38,7.5
0:05:15.518139,0.4,7.5
0:05:15.720327,0.4,7.5
0:05:15.923292,0.4,7.5
0:05:16.127096,0.4,7.5
0:05:16.329285,0.4,7.5
0:05:16.532114,0.4,7.5
0:05:16.732134,0.4,7.5
0:05:16.946958,0.39,7.5
0:05:17.148246,0.39,7.5
0:05:17.350074,0.39,7.5
0:05:17.553398,0.4,7.5
0:05:17.757246,0.39,7.5
0:05:17.959321,0.39,7.5
0:05:18.162055,0.4,7.5
0:05:18.364147,0.39,7.5
0:05:18.579116,0.39,7.5
0:05:18.781657,0.4,7.5
0:05:18.983741,0.38,7.5
0:05:19.188402,0.4,7.5
0:05:19.392843,0.4,7.5
0:05:19.595962,0.39,7.5
0:05:19.796297,0.4,7.5
0:05:19.998571,0.4,7.5
0:05:20.199654,0.39,7.5
0:05:20.400495,0.4,7.5
0:05:20.602486,0.39,7.5
0:05:20.807584,0.39,7.5
0:05:21.008984,0.39,7.5
0:05:21.212439,0.39,7.5
0:05:21.416248,0.39,7.5
0:05:21.616548,0.39,7.5
0:05:21.818308,0.4,7.5
0:05:22.021044,0.39,7.5
0:05:22.223392,0.39,7.5
0:05:22.425691,0.4,7.5
0:05:22.627669,0.39,7.5
0:05:22.831210,0.39,7.5
0:05:23.034174,0.39,7.5
0:05:23.236742,0.39,7.5
0:05:23.437812,0.39,7.5
0:05:23.641095,0.4,7.5
0:05:23.845016,0.39,7.5
0:05:24.060972,0.4,7.5
0:05:24.261235,0.4,7.5
0:05:24.462989,0.39,7.5
0:05:24.664357,0.39,7.5
0:05:24.865834,0.39,7.5
0:05:25.066503,0.38,7.5
0:05:25.267357,0.39,7.5
0:05:25.467530,0.39,7.5
0:05:25.669229,0.39,7.5
0:05:25.871665,0.39,7.5
0:05:26.073003,0.39,7.5
0:05:26.287959,0.39,7.5
0:05:26.492038,0.39,7.5
0:05:26.693920,0.39,7.5
0:05:26.895018,0.39,7.5
0:05:27.097119,0.39,7.5
0:05:27.299381,0.39,7.5
0:05:27.514238,0.39,7.5
0:05:27.729477,0.4,7.5
0:05:27.943291,0.4,7.5
0:05:28.158782,0.39,7.5
0:05:28.360045,0.4,7.5
0:05:28.575825,0.38,7.5
0:05:28.778177,0.38,7.5
0:05:28.993768,0.39,7.5
0:05:29.196505,0.42,7.5
0:05:29.398022,0.42,7.5
0:05:29.600633,0.44,7.5
0:05:29.802390,0.64,7.5
0:05:30.005024,0.62,7.5
0:05:30.205986,0.62,7.5
0:05:30.421044,0.63,7.5
0:05:30.623144,0.5,7.5
0:05:30.824661,0.5,7.5
0:05:31.028450,0.39,7.5
0:05:31.230146,0.4,7.5
0:05:31.432337,0.4,7.5
0:05:31.635048,0.4,7.5
0:05:31.836798,0.41,7.5
0:05:32.039427,0.4,7.5
0:05:32.241223,0.4,7.5
0:05:32.442800,0.4,7.5
0:05:32.645109,0.39,7.5
0:05:32.847885,0.4,7.5
0:05:33.049998,0.4,7.5
0:05:33.250475,0.4,7.5
0:05:33.454749,0.4,7.5
0:05:33.657024,0.4,7.5
0:05:33.857065,0.4,7.5
0:05:34.059050,0.39,7.5
0:05:34.262117,0.39,7.5
0:05:34.463816,0.38,7.5
0:05:34.667741,0.38,7.5
0:05:34.870377,0.4,7.5
0:05:35.073963,0.4,7.5
0:05:35.276086,0.39,7.5
0:05:35.476538,0.4,7.5
0:05:35.680406,0.4,7.5
0:05:35.881994,0.39,7.5
0:05:36.083545,0.4,7.5
0:05:36.284908,0.37,7.5
0:05:36.486722,0.37,7.5
0:05:36.702072,0.39,7.5
0:05:36.906202,0.39,7.5
0:05:37.110239,0.39,7.5
0:05:37.313132,0.4,7.5
0:05:37.515165,0.39,7.5
0:05:37.716698,0.4,7.5
0:05:37.919099,0.4,7.5
0:05:38.120228,0.39,7.5
0:05:38.321149,0.4,7.5
0:05:38.522968,0.4,7.5
0:05:38.725045,0.39,7.5
0:05:38.929084,0.4,7.5
0:05:39.131107,0.39,7.5
0:05:39.332029,0.39,7.5
0:05:39.534005,0.4,7.5
0:05:39.735056,0.39,7.5
0:05:39.939033,0.39,7.5
0:05:40.140750,0.4,7.5
0:05:40.341316,0.39,7.5
0:05:40.543513,0.39,7.5
0:05:40.748990,0.39,7.5
0:05:40.963837,0.39,7.5
0:05:41.167149,0.39,7.5
0:05:41.367685,0.39,7.5
0:05:41.570088,0.4,7.5
0:05:41.772293,0.39,7.5
0:05:41.974142,0.39,7.5
0:05:42.175372,0.39,7.5
0:05:42.377934,0.38,7.5
0:05:42.580097,0.38,7.5
0:05:42.781705,0.38,7.5
0:05:42.982933,0.39,7.5
0:05:43.184625,0.4,7.5
0:05:43.389372,0.39,7.5
0:05:43.590835,0.39,7.5
0:05:43.804887,0.4,7.5
0:05:44.007057,0.39,7.5
0:05:44.209424,0.39,7.5
0:05:44.413839,0.38,7.5
0:05:44.614912,0.39,7.5
0:05:44.816480,0.4,7.5
0:05:45.018995,0.4,7.5
0:05:45.221452,0.39,7.5
0:05:45.424324,0.4,7.5
0:05:45.638007,0.4,7.5
0:05:45.838406,0.39,7.5
0:05:46.040910,0.39,7.5
0:05:46.241492,0.38,7.5
0:05:46.444248,0.38,7.5
0:05:46.648150,0.39,7.5
0:05:46.849247,0.39,7.5
0:05:47.050435,0.39,7.5
0:05:47.252258,0.39,7.5
0:05:47.456013,0.39,7.5
0:05:47.656137,0.39,7.5
0:05:47.871163,0.39,7.5
0:05:48.074752,0.38,7.5
0:05:48.277892,0.38,7.5
0:05:48.479077,0.38,7.5
0:05:48.681014,0.4,7.5
0:05:48.882119,0.39,7.5
0:05:49.083256,0.4,7.5
0:05:49.286724,0.4,7.5
0:05:49.488945,0.39,7.5
0:05:49.689733,0.39,7.5
0:05:49.904787,0.39,7.5
0:05:50.107223,0.38,7.5
0:05:50.309286,0.39,7.5
0:05:50.511193,0.39,7.5
0:05:50.712180,0.39,7.5
0:05:50.912647,0.39,7.5
0:05:51.113268,0.39,7.5
0:05:51.315154,0.39,7.5
0:05:51.516242,0.39,7.5
0:05:51.720132,0.38,7.5
0:05:51.935881,0.38,7.5
0:05:52.137768,0.38,7.5
0:05:52.340347,0.39,7.5
0:05:52.542921,0.39,7.5
0:05:52.755191,0.39,7.5
0:05:52.957113,0.4,7.5
0:05:53.158171,0.39,7.5
0:05:53.360504,0.4,7.5
0:05:53.561694,0.4,7.5
0:05:53.764469,0.38,7.5
0:05:53.966833,0.39,7.5
0:05:54.168058,0.39,7.5
0:05:54.371121,0.39,7.5
0:05:54.584138,0.4,7.5
0:05:54.785076,0.39,7.5
0:05:54.985138,0.39,7.5
0:05:55.187061,0.4,7.5
0:05:55.387883,0.39,7.5
0:05:55.589063,0.39,7.5
0:05:55.790812,0.39,7.5
0:05:55.993992,0.39,7.5
0:05:56.195830,0.39,7.5
0:05:56.399503,0.39,7.5
0:05:56.614462,0.39,7.5
0:05:56.816304,0.39,7.5
0:05:57.016459,0.39,7.5
0:05:57.218166,0.39,7.5
0:05:57.419324,0.39,7.5
0:05:57.623110,0.39,7.5
0:05:57.823907,0.39,7.5
0:05:58.025974,0.39,7.5
0:05:58.229227,0.4,7.5
0:05:58.429310,0.4,7.5
0:05:58.629351,0.39,7.5
0:05:58.830739,0.4,7.5
0:05:59.033373,0.4,7.5
0:05:59.247889,0.39,7.5
0:05:59.451522,0.4,7.5
0:05:59.653431,0.38,7.5
0:05:59.855899,0.38,7.5
0:06:00.057282,0.5,7.5
0:06:00.272009,0.43,7.5
0:06:00.477082,0.43,7.5
0:06:00.681046,0.43,7.5
0:06:00.883324,0.43,7.5
0:06:01.086994,0.43,7.5
0:06:01.291129,0.43,7.5
0:06:01.505630,0.43,7.5
0:06:01.709708,0.43,7.5
0:06:01.913383,0.44,7.5
0:06:02.129452,0.44,7.5
0:06:02.331181,0.42,7.5
0:06:02.534329,0.43,7.5
0:06:02.734701,0.43,7.5
0:06:02.937209,0.43,7.5
0:06:03.139175,0.43,7.5
0:06:03.340862,0.43,7.5
0:06:03.542204,0.43,7.5
0:06:03.744554,0.43,7.5
0:06:03.946379,0.42,7.5
0:06:04.149815,0.42,7.5
0:06:04.350154,0.42,7.5
0:06:04.553351,0.43,7.5
0:06:04.754490,0.44,7.5
0:06:04.955960,0.44,7.5
0:06:05.157267,0.42,7.5
0:06:05.359839,0.43,7.5
0:06:05.562927,0.43,7.5
0:06:05.765152,0.42,7.5
0:06:05.966925,0.44,7.5
0:06:06.169987,0.41,7.5
0:06:06.385104,0.41,7.5
0:06:06.587873,0.42,7.5
0:06:06.789311,0.43,7.5
0:06:06.992844,0.43,7.5
0:06:07.195369,0.43,7.5
0:06:07.397661,0.43,7.5
0:06:07.600823,0.43,7.5
0:06:07.801316,0.43,7.5
0:06:08.004928,0.43,7.5
0:06:08.205304,0.42,7.5
0:06:08.406770,0.42,7.5
0:06:08.610028,0.44,7.5
0:06:08.811400,0.44,7.5
0:06:09.014263,0.43,7.5
0:06:09.230001,0.43,7.5
0:06:09.432098,0.42,7.5
0:06:09.635340,0.43,7.5
0:06:09.850328,0.43,7.5
0:06:10.053369,0.42,7.5
0:06:10.255332,0.43,7.5
0:06:10.461186,0.43,7.5
0:06:10.663307,0.43,7.5
0:06:10.864325,0.43,7.5
0:06:11.066084,0.43,7.5
0:06:11.269522,0.43,7.5
0:06:11.470101,0.44,7.5
0:06:11.671664,0.43,7.5
0:06:11.874216,0.43,7.5
0:06:12.088301,0.43,7.5
0:06:12.292822,0.43,7.5
0:06:12.493273,0.45,7.5
0:06:12.697777,0.45,7.5
0:06:12.899572,0.42,7.5
0:06:13.099728,0.44,7.5
0:06:13.301020,0.44,7.5
0:06:13.502331,0.44,7.5
0:06:13.703968,0.44,7.5
0:06:13.906042,0.41,7.5
0:06:14.108149,0.41,7.5
0:06:14.310242,0.43,7.5
0:06:14.512137,0.43,7.5
0:06:14.714918,0.43,7.5
0:06:14.928579,0.43,7.5
0:06:15.131671,0.42,7.5
0:06:15.333001,0.42,7.5
0:06:15.534007,0.42,7.5
0:06:15.737102,0.42,7.5
0:06:15.938004,0.42,7.5
0:06:16.138072,0.44,7.5
0:06:16.341609,0.44,7.5
0:06:16.542715,0.42,7.5
0:06:16.742770,0.44,7.5
0:06:16.945348,0.44,7.5
0:06:17.147448,0.43,7.5
0:06:17.350304,0.44,7.5
0:06:17.552292,0.44,7.5
0:06:17.754376,0.44,7.5
0:06:17.955411,0.42,7.5
0:06:18.170808,0.43,7.5
0:06:18.370995,0.43,7.5
0:06:18.573901,0.45,7.5
0:06:18.778064,0.43,7.5
0:06:18.993988,0.43,7.5
0:06:19.197284,0.43,7.5
0:06:19.399750,0.42,7.5
0:06:19.600113,0.42,7.5
0:06:19.801144,0.42,7.5
0:06:20.015566,0.43,7.5
0:06:20.216610,0.26,7.5
0:06:20.419350,0.26,7.5
0:06:20.634275,0.26,7.5
0:06:20.836668,0.26,7.5
0:06:21.040014,0.26,7.5
0:06:21.242111,0.26,7.5
0:06:21.447023,0.26,7.5
0:06:21.648438,0.26,7.5
0:06:21.852113,0.26,7.5
0:06:22.053132,0.26,7.5
0:06:22.255707,0.26,7.5
0:06:22.457996,0.26,7.5
0:06:22.659601,0.26,7.5
0:06:22.863205,0.26,7.5
0:06:23.065203,0.26,7.5
0:06:23.269213,0.26,7.5
0:06:23.471961,0.26,7.5
0:06:23.673869,0.26,7.5
0:06:23.875254,0.26,7.5
0:06:24.076631,0.26,7.5
0:06:24.277242,0.26,7.5
0:06:24.480993,0.26,7.5
0:06:24.682389,0.26,7.5
0:06:24.886976,0.26,7.5
0:06:25.102165,0.26,7.5
0:06:25.304442,0.26,7.5
0:06:25.508018,0.26,7.5
0:06:25.710313,0.26,7.5
0:06:25.912847,0.26,7.5
0:06:26.116358,0.26,7.5
0:06:26.318417,0.26,7.5
0:06:26.518997,0.26,7.5
0:06:26.723717,0.26,7.5
0:06:26.924244,0.26,7.5
0:06:27.127922,0.26,7.5
0:06:27.328817,0.26,7.5
0:06:27.530749,0.26,7.5
0:06:27.732223,0.26,7.5
0:06:27.932578,0.26,7.5
0:06:28.134234,0.26,7.5
0:06:28.348926,0.26,7.5
0:06:28.551969,0.26,7.5
0:06:28.753970,0.26,7.5
0:06:28.956192,0.26,7.5
0:06:29.157512,0.26,7.5
0:06:29.359841,0.26,7.5
0:06:29.561183,0.26,7.5
0:06:29.762233,0.26,7.5
0:06:29.963402,0.26,7.5
0:06:30.165654,0.26,7.5
0:06:30.365978,0.26,7.5
0:06:30.570070,0.26,7.5
0:06:30.771073,0.26,7.5
0:06:30.972593,0.26,7.5
0:06:31.173954,0.26,7.5
0:06:31.375891,0.26,7.5
0:06:31.580462,0.26,7.5
0:06:31.783250,0.26,7.5
0:06:31.985063,0.26,7.5
0:06:32.186648,0.26,7.5
0:06:32.389392,0.26,7.5
0:06:32.590831,0.26,7.5
0:06:32.792347,0.26,7.5
0:06:32.996891,0.26,7.5
0:06:33.198381,0.26,7.5
0:06:33.399437,0.26,7.5
0:06:33.603408,0.26,7.5
0:06:33.803690,0.26,7.5
0:06:34.005334,0.26,7.5
0:06:34.209192,0.26,7.5
0:06:34.410192,0.26,7.5
0:06:34.612748,0.26,7.5
0:06:34.815371,0.26,7.5
0:06:35.016645,0.26,7.5
0:06:35.220067,0.26,7.5
0:06:35.422334,0.26,7.5
0:06:35.624920,0.26,7.5
0:06:35.826449,0.26,7.5
0:06:36.028604,0.26,7.5
0:06:36.230083,0.26,7.5
0:06:36.434083,0.26,7.5
0:06:36.649379,0.26,7.5
0:06:36.850490,0.26,7.5
0:06:37.052108,0.26,7.5
0:06:37.255107,0.26,7.5
0:06:37.456177,0.26,7.5
0:06:37.659262,0.26,7.5
0:06:37.859746,0.26,7.5
0:06:38.063261,0.26,7.5
0:06:38.263445,0.26,7.5
0:06:38.466010,0.26,7.5
0:06:38.667654,0.26,7.5
0:06:38.868160,0.26,7.5
0:06:39.070744,0.26,7.5
0:06:39.273743,0.26,7.5
0:06:39.474084,0.26,7.5
0:06:39.676406,0.26,7.5
0:06:39.879543,0.26,7.5
0:06:40.081030,0.26,7.5
0:06:40.283941,0.26,7.5
0:06:40.485055,0.26,7.5
0:06:40.699034,0.26,7.5
0:06:40.899776,0.26,7.5
0:06:41.113804,0.26,7.5
0:06:41.315114,0.26,7.5
0:06:41.529916,0.26,7.5
0:06:41.730668,0.26,7.5
0:06:41.931217,0.26,7.5
0:06:42.133067,0.26,7.5
0:06:42.333320,0.26,7.5
0:06:42.535983,0.26,7.5
0:06:42.737797,0.26,7.5
0:06:42.940810,0.26,7.5
0:06:43.155193,0.26,7.5
0:06:43.356027,0.26,7.5
0:06:43.557149,0.26,7.5
0:06:43.758434,0.26,7.5
0:06:43.959921,0.26,7.5
0:06:44.161921,0.26,7.5
0:06:44.364377,0.26,7.5
0:06:44.568347,0.26,7.5
0:06:44.770092,0.26,7.5
0:06:44.970601,0.26,7.5
0:06:45.171091,0.26,7.5
0:06:45.374077,0.26,7.5
0:06:45.574399,0.26,7.5
0:06:45.778086,0.26,7.5
0:06:45.981136,0.26,7.5
0:06:46.182510,0.26,7.5
0:06:46.383941,0.26,7.5
0:06:46.585664,0.26,7.5
0:06:46.789228,0.26,7.5
0:06:46.989915,0.26,7.5
0:06:47.204964,0.26,7.5
0:06:47.407201,0.26,7.5
0:06:47.622235,0.26,7.5
0:06:47.837331,0.26,7.5
0:06:48.050387,0.26,7.5
0:06:48.254919,0.26,7.5
0:06:48.469974,0.26,7.5
0:06:48.672040,0.26,7.5
0:06:48.875246,0.26,7.5
0:06:49.077600,0.26,7.5
0:06:49.279461,0.26,7.5
0:06:49.480432,0.26,7.5
0:06:49.683299,0.26,7.5
0:06:49.885224,0.26,7.5
0:06:50.086437,0.26,7.5
0:06:50.287338,0.26,7.5
0:06:50.489895,0.26,7.5
0:06:50.692000,0.26,7.5
0:06:50.894623,0.26,7.5
0:06:51.097148,0.26,7.5
0:06:51.301215,0.26,7.5
0:06:51.502197,0.26,7.5
0:06:51.705230,0.26,7.5
0:06:51.905338,0.26,7.5
0:06:52.106313,0.26,7.5
0:06:52.307039,0.26,7.5
0:06:52.510166,0.26,7.5
0:06:52.713657,0.26,7.5
0:06:52.916090,0.26,7.5
0:06:53.118359,0.26,7.5
0:06:53.320157,0.26,7.5
0:06:53.521942,0.26,7.5
0:06:53.723091,0.26,7.5
0:06:53.924956,0.26,7.5
0:06:54.127496,0.26,7.5
0:06:54.327668,0.26,7.5
0:06:54.542957,0.26,7.5
0:06:54.758287,0.26,7.5
0:06:54.973992,0.26,7.5
0:06:55.175820,0.26,7.5
0:06:55.379243,0.26,7.5
0:06:55.581991,0.26,7.5
0:06:55.786073,0.26,7.5
0:06:55.986872,0.26,7.5
0:06:56.188838,0.26,7.5
0:06:56.390290,0.26,7.5
0:06:56.592478,0.26,7.5
0:06:56.795129,0.26,7.5
0:06:56.997636,0.26,7.5
0:06:57.198636,0.26,7.5
0:06:57.399426,0.26,7.5
0:06:57.601401,0.26,7.5
0:06:57.801979,0.26,7.5
0:06:58.005017,0.26,7.5
0:06:58.218995,0.26,7.5
0:06:58.422286,0.26,7.5
0:06:58.625107,0.26,7.5
0:06:58.825901,0.26,7.5
0:06:59.027901,0.26,7.5
0:06:59.232832,0.26,7.5
0:06:59.435006,0.26,7.5
0:06:59.636996,0.26,7.5
0:06:59.840111,0.26,7.5
0:07:00.055258,0.26,7.5
0:07:00.257990,0.26,7.5
0:07:00.473366,0.26,7.5
0:07:00.673973,0.26,7.5
0:07:00.876138,0.26,7.5
0:07:01.077988,0.26,7.5
0:07:01.282924,0.26,7.5
0:07:01.484605,0.26,7.5
0:07:01.689547,0.26,7.5
0:07:01.894003,0.26,7.5
0:07:02.094997,0.26,7.5
0:07:02.297432,0.26,7.5
0:07:02.498996,0.26,7.5
0:07:02.700724,0.26,7.5
0:07:02.902905,0.26,7.5
0:07:03.105013,0.26,7.5
0:07:03.307409,0.26,7.5
0:07:03.509293,0.26,7.5
0:07:03.713094,0.26,7.5
0:07:03.915416,0.26,7.5
0:07:04.129971,0.26,7.5
0:07:04.331963,0.26,7.5
0:07:04.532695,0.26,7.5
0:07:04.736036,0.26,7.5
0:07:04.952046,0.26,7.5
0:07:05.153962,0.26,7.5
0:07:05.358117,0.26,7.5
0:07:05.561366,0.26,7.5
0:07:05.775414,0.26,7.5
0:07:05.976137,0.26,7.5
0:07:06.176861,0.26,7.5
0:07:06.381515,0.26,7.5
0:07:06.585042,0.26,7.5
0:07:06.786329,0.26,7.5
0:07:06.989849,0.26,7.5
0:07:07.205038,0.26,7.5
0:07:07.409168,0.26,7.5
0:07:07.611430,0.26,7.5
0:07:07.814098,0.26,7.5
0:07:08.015101,0.26,7.5
0:07:08.217983,0.26,7.5
0:07:08.418422,0.26,7.5
0:07:08.621129,0.26,7.5
0:07:08.822311,0.26,7.5
0:07:09.024066,0.26,7.5
0:07:09.225744,0.26,7.5
0:07:09.426807,0.26,7.5
0:07:09.629604,0.26,7.5
0:07:09.832331,0.26,7.5
0:07:10.034054,0.26,7.5
0:07:10.234783,0.26,7.5
0:07:10.438941,0.26,7.5
0:07:10.653304,0.26,7.5
0:07:10.856477,0.26,7.5
0:07:11.057123,0.26,7.5
0:07:11.258977,0.26,7.5
0:07:11.461048,0.26,7.5
0:07:11.662267,0.26,7.5
0:07:11.862297,0.26,7.5
0:07:12.063307,0.26,7.5
0:07:12.266072,0.26,7.5
0:07:12.470355,0.26,7.5
0:07:12.671186,0.26,7.5
0:07:12.871995,0.26,7.5
0:07:13.076178,0.26,7.5
0:07:13.277906,0.26,7.5
0:07:13.477991,0.26,7.5
0:07:13.681128,0.26,7.5
0:07:13.882435,0.26,7.5
0:07:14.085188,0.45,7.5
0:07:14.288776,0.44,7.5
0:07:14.491285,0.44,7.5
0:07:14.692827,0.44,7.5
0:07:14.896878,0.44,7.5
0:07:15.112323,0.44,7.5
0:07:15.314216,0.44,7.5
0:07:15.518382,0.44,7.5
0:07:15.721124,0.44,7.5
0:07:15.923105,0.44,7.5
0:07:16.126525,0.44,7.5
0:07:16.329002,0.43,7.5
0:07:16.530215,0.42,7.5
0:07:16.732021,0.42,7.5
0:07:16.932114,0.45,7.5
0:07:17.134012,0.44,7.5
0:07:17.334573,0.44,7.5
0:07:17.536648,0.44,7.5
0:07:17.737307,0.43,7.5
0:07:17.938872,0.43,7.5
0:07:18.140889,0.42,7.5
0:07:18.345103,0.43,7.5
0:07:18.558517,0.44,7.5
0:07:18.760223,0.44,7.5
0:07:18.964225,0.43,7.5
0:07:19.165025,0.44,7.5
0:07:19.367931,0.42,7.5
0:07:19.571170,0.42,7.5
0:07:19.774928,0.42,7.5
0:07:19.977658,0.43,7.5
0:07:20.185587,0.43,7.5
0:07:20.391691,0.43,7.5
0:07:20.599683,0.43,7.5
0:07:20.801776,0.64,7.5
0:07:21.009823,0.64,7.5
0:07:21.215824,0.63,7.5
0:07:21.419816,0.6,7.5
0:07:21.627815,0.6,7.5
0:07:21.829816,0.59,7.5
0:07:22.032823,0.4,7.5
0:07:22.233783,0.41,7.5
0:07:22.435783,0.41,7.5
0:07:22.636668,0.41,7.5
0:07:22.838578,0.41,7.5
0:07:23.040868,0.41,7.5
0:07:23.244543,0.41,7.5
0:07:23.448077,0.4,7.5
0:07:23.650363,0.4,7.5
0:07:23.851101,0.4,7.5
0:07:24.053108,0.41,7.5
0:07:24.267983,0.4,7.5
0:07:24.471506,0.4,7.5
0:07:24.673991,0.41,7.5
0:07:24.875864,0.4,7.5
0:07:25.076197,0.41,7.5
0:07:25.278338,0.41,7.5
0:07:25.483258,0.39,7.5
0:07:25.683275,0.4,7.5
0:07:25.884382,0.4,7.5
0:07:26.086733,0.4,7.5
0:07:26.288293,0.41,7.5
0:07:26.502865,0.44,7.5
0:07:26.706177,0.44,7.5
0:07:26.908378,0.44,7.5
0:07:27.109179,0.44,7.5
0:07:27.310391,0.44,7.5
0:07:27.525244,0.44,7.5
0:07:27.726496,0.43,7.5
0:07:27.930022,0.45,7.5
0:07:28.131122,0.45,7.5
0:07:28.345121,0.41,7.5
0:07:28.547895,0.44,7.5
0:07:28.750342,0.44,7.5
0:07:28.965079,0.43,7.5
0:07:29.167163,0.44,7.5
0:07:29.369231,0.44,7.5
0:07:29.571647,0.44,7.5
0:07:29.786253,0.43,7.5
0:07:29.990945,0.43,7.5
0:07:30.192110,0.43,7.5
0:07:30.395239,0.43,7.5
0:07:30.596569,0.44,7.5
0:07:30.798698,0.44,7.5
0:07:30.999741,0.44,7.5
0:07:31.202529,0.43,7.5
0:07:31.416943,0.43,7.5
0:07:31.621721,0.43,7.5
0:07:31.821945,0.43,7.5
0:07:32.026080,0.43,7.5
0:07:32.228154,0.42,7.5
0:07:32.443737,0.42,7.5
0:07:32.645890,0.42,7.5
0:07:32.847390,0.44,7.5
0:07:33.049322,0.43,7.5
0:07:33.249915,0.43,7.5
0:07:33.451362,0.43,7.5
0:07:33.654331,0.42,7.5
0:07:33.869360,0.42,7.5
0:07:34.073136,0.44,7.5
0:07:34.288319,0.43,7.5
0:07:34.491093,0.44,7.5
0:07:34.693664,0.44,7.5
0:07:34.894679,0.43,7.5
0:07:35.097289,0.44,7.5
0:07:35.298043,0.44,7.5
0:07:35.499284,0.42,7.5
0:07:35.699825,0.44,7.5
0:07:35.901730,0.43,7.5
0:07:36.105448,0.43,7.5
0:07:36.308141,0.44,7.5
0:07:36.511689,0.43,7.5
0:07:36.727208,0.43,7.5
0:07:36.929126,0.43,7.5
0:07:37.129918,0.43,7.5
0:07:37.331008,0.44,7.5
0:07:37.545433,0.44,7.5
0:07:37.748437,0.43,7.5
0:07:37.952108,0.43,7.5
0:07:38.153954,0.43,7.5
0:07:38.354287,0.44,7.5
0:07:38.556838,0.44,7.5
0:07:38.757148,0.43,7.5
0:07:38.959760,0.43,7.5
0:07:39.160145,0.44,7.5
0:07:39.361882,0.43,7.5
0:07:39.565316,0.43,7.5
0:07:39.769701,0.42,7.5
0:07:39.984898,0.43,7.5
0:07:40.187091,0.43,7.5
0:07:40.390225,0.43,7.5
0:07:40.605013,0.43,7.5
0:07:40.806770,0.43,7.5
0:07:41.008703,0.43,7.5
0:07:41.210341,0.44,7.5
0:07:41.412067,0.42,7.5
0:07:41.615304,0.43,7.5
0:07:41.818164,0.43,7.5
0:07:42.020079,0.42,7.5
0:07:42.222885,0.44,7.5
0:07:42.426280,0.44,7.5
0:07:42.627060,0.43,7.5
0:07:42.830140,0.44,7.5
0:07:43.031669,0.43,7.5
0:07:43.233434,0.43,7.5
0:07:43.434324,0.44,7.5
0:07:43.636345,0.44,7.5
0:07:43.838360,0.44,7.5
0:07:44.041232,0.43,7.5
0:07:44.242018,0.44,7.5
0:07:44.443705,0.44,7.5
0:07:44.648320,0.44,7.5
0:07:44.850202,0.42,7.5
0:07:45.052557,0.44,7.5
0:07:45.253322,0.44,7.5
0:07:45.456114,0.41,7.5
0:07:45.657941,0.43,7.5
0:07:45.861830,0.43,7.5
0:07:46.066624,0.43,7.5
0:07:46.268221,0.43,7.5
0:07:46.470978,0.34,7.5
0:07:46.672140,0.34,7.5
0:07:46.874031,0.25,7.5
0:07:47.074840,0.25,7.5
0:07:47.278039,0.25,7.5
0:07:47.482287,0.25,7.5
0:07:47.697300,0.25,7.5
0:07:47.912351,0.25,7.5
0:07:48.114170,0.25,7.5
0:07:48.316231,0.25,7.5
0:07:48.517534,0.25,7.5
0:07:48.721082,0.25,7.5
0:07:48.922189,0.25,7.5
0:07:49.122387,0.25,7.5
0:07:49.323005,0.25,7.5
0:07:49.525402,0.25,7.5
0:07:49.730103,0.25,7.5
0:07:49.931252,0.25,7.5
0:07:50.132087,0.25,7.5
0:07:50.335652,0.25,7.5
0:07:50.538583,0.25,7.5
0:07:50.738980,0.25,7.5
0:07:50.953833,0.25,7.5
0:07:51.154932,0.25,7.5
0:07:51.357101,0.25,7.5
0:07:51.559718,0.25,7.5
0:07:51.764116,0.25,7.5
0:07:51.966116,0.25,7.5
0:07:52.167523,0.25,7.5
0:07:52.371120,0.25,7.5
0:07:52.573125,0.25,7.5
0:07:52.777125,0.25,7.5
0:07:52.978164,0.25,7.5
0:07:53.179949,0.25,7.5
0:07:53.381933,0.25,7.5
0:07:53.583733,0.25,7.5
0:07:53.786048,0.25,7.5
0:07:53.989965,0.25,7.5
0:07:54.190944,0.25,7.5
0:07:54.406561,0.25,7.5
0:07:54.621075,0.25,7.5
0:07:54.823480,0.25,7.5
0:07:55.023808,0.25,7.5
0:07:55.225772,0.25,7.5
0:07:55.440490,0.25,7.5
0:07:55.641695,0.25,7.5
0:07:55.843557,0.25,7.5
0:07:56.047458,0.25,7.5
0:07:56.249378,0.25,7.5
0:07:56.451308,0.25,7.5
0:07:56.653901,0.25,7.5
0:07:56.855516,0.25,7.5
0:07:57.056986,0.25,7.5
0:07:57.259186,0.25,7.5
0:07:57.460761,0.25,7.5
0:07:57.664212,0.25,7.5
0:07:57.865996,0.25,7.5
0:07:58.067366,0.25,7.5
0:07:58.270667,0.25,7.5
0:07:58.470833,0.25,7.5
0:07:58.685789,0.25,7.5
0:07:58.901377,0.25,7.5
0:07:59.102164,0.25,7.5
0:07:59.303257,0.24,7.5
0:07:59.506554,0.24,7.5
0:07:59.709026,0.25,7.5
0:07:59.911856,0.25,7.5
0:08:00.112194,0.33,7.5
0:08:00.315020,0.33,7.5
0:08:00.516335,0.45,7.5
0:08:00.718042,0.42,7.5
0:08:00.919001,0.42,7.5
0:08:01.121339,0.44,7.5
0:08:01.324579,0.43,7.5
0:08:01.525558,0.43,7.5
0:08:01.727073,0.43,7.5
0:08:01.929139,0.43,7.5
0:08:02.130616,0.44,7.5
0:08:02.331099,0.44,7.5
0:08:02.531239,0.42,7.5
0:08:02.732826,0.44,7.5
0:08:02.936021,0.44,7.5
0:08:03.136934,0.44,7.5
0:08:03.339340,0.43,7.5
0:08:03.542991,0.42,7.5
0:08:03.744979,0.42,7.5
0:08:03.945145,0.42,7.5
0:08:04.146357,0.42,7.5
0:08:04.347167,0.42,7.5
0:08:04.550307,0.41,7.5
0:08:04.752102,0.43,7.5
0:08:04.955612,0.42,7.5
0:08:05.170633,0.42,7.5
0:08:05.373108,0.44,7.5
0:08:05.573976,0.43,7.5
0:08:05.774035,0.43,7.5
0:08:05.976795,0.44,7.5
0:08:06.179158,0.41,7.5
0:08:06.382837,0.44,7.5
0:08:06.583981,0.44,7.5
0:08:06.784358,0.42,7.5
0:08:06.986446,0.44,7.5
0:08:07.188075,0.44,7.5
0:08:07.403539,0.43,7.5
0:08:07.603988,0.44,7.5
0:08:07.807080,0.44,7.5
0:08:08.009898,0.44,7.5
0:08:08.213331,0.42,7.5
0:08:08.415248,0.42,7.5
0:08:08.615390,0.42,7.5
0:08:08.817275,0.44,7.5
0:08:09.018827,0.43,7.5
0:08:09.221133,0.43,7.5
0:08:09.422187,0.43,7.5
0:08:09.625208,0.42,7.5
0:08:09.835386,0.42,7.5
0:08:10.041498,0.42,7.5
0:08:10.246504,0.42,7.5
0:08:10.451081,0.43,7.5
0:08:10.653338,0.43,7.5
0:08:10.868285,0.43,7.5
0:08:11.074033,0.43,7.5
0:08:11.276334,0.43,7.5
0:08:11.476338,0.43,7.5
0:08:11.680356,0.43,7.5
0:08:11.882233,0.42,7.5
0:08:12.084360,0.41,7.5
0:08:12.286022,0.41,7.5
0:08:12.486648,0.42,7.5
0:08:12.689811,0.44,7.5
0:08:12.890563,0.44,7.5
0:08:13.094280,0.44,7.5
0:08:13.297090,0.43,7.5
0:08:13.497827,0.42,7.5
0:08:13.699095,0.42,7.5
0:08:13.900265,0.41,7.5
0:08:14.102291,0.43,7.5
0:08:14.306138,0.43,7.5
0:08:14.507227,0.43,7.5
0:08:14.709315,0.43,7.5
0:08:14.910833,0.43,7.5
0:08:15.124982,0.42,7.5
0:08:15.328923,0.43,7.5
0:08:15.530813,0.42,7.5
0:08:15.731597,0.42,7.5
0:08:15.935009,0.42,7.5
0:08:16.138133,0.42,7.5
0:08:16.351379,0.43,7.5
0:08:16.553100,0.43,7.5
0:08:16.755485,0.44,7.5
0:08:16.958348,0.43,7.5
0:08:17.162320,0.43,7.5
0:08:17.364678,0.44,7.5
0:08:17.565911,0.41,7.5
0:08:17.766353,0.45,7.5
0:08:17.969085,0.45,7.5
0:08:18.170095,0.42,7.5
0:08:18.371139,0.43,7.5
0:08:18.571999,0.43,7.5
0:08:18.774605,0.42,7.5
0:08:18.976714,0.43,7.5
0:08:19.179066,0.43,7.5
0:08:19.380159,0.41,7.5
0:08:19.582609,0.43,7.5
0:08:19.785646,0.43,7.5
0:08:19.988799,0.43,7.5
0:08:20.189235,0.44,7.5
0:08:20.389871,0.34,7.5
0:08:20.605366,0.34,7.5
0:08:20.807060,0.25,7.5
0:08:21.011029,0.25,7.5
0:08:21.224797,0.24,7.5
0:08:21.425896,0.24,7.5
0:08:21.629664,0.24,7.5
0:08:21.845000,0.24,7.5
0:08:22.046468,0.24,7.5
0:08:22.248861,0.24,7.5
0:08:22.450781,0.24,7.5
0:08:22.665201,0.24,7.5
0:08:22.865493,0.24,7.5
0:08:23.066310,0.24,7.5
0:08:23.267854,0.24,7.5
0:08:23.472709,0.24,7.5
0:08:23.674221,0.24,7.5
0:08:23.875169,0.24,7.5
0:08:24.077042,0.24,7.5
0:08:24.290982,0.24,7.5
0:08:24.492898,0.24,7.5
0:08:24.696445,0.24,7.5
0:08:24.899038,0.24,7.5
0:08:25.099659,0.24,7.5
0:08:25.301256,0.24,7.5
0:08:25.502741,0.24,7.5
0:08:25.705943,0.24,7.5
0:08:25.907276,0.24,7.5
0:08:26.122110,0.24,7.5
0:08:26.325123,0.24,7.5
0:08:26.525979,0.24,7.5
0:08:26.727363,0.24,7.5
0:08:26.929592,0.24,7.5
0:08:27.132241,0.24,7.5
0:08:27.347988,0.24,7.5
0:08:27.549085,0.24,7.5
0:08:27.750343,0.25,7.5
0:08:27.954324,0.25,7.5
0:08:28.157683,0.24,7.5
0:08:28.359469,0.24,7.5
0:08:28.560616,0.24,7.5
0:08:28.763274,0.24,7.5
0:08:28.966297,0.24,7.5
0:08:29.170069,0.33,7.5
0:08:29.371945,0.33,7.5
0:08:29.573177,0.43,7.5
0:08:29.775762,0.42,7.5
0:08:29.976234,0.42,7.5
0:08:30.179119,0.42,7.5
0:08:30.380231,0.6,7.5
0:08:30.596073,0.59,7.5
0:08:30.811094,0.59,7.5
0:08:31.012795,0.5,7.5
0:08:31.215294,0.4,7.5
0:08:31.417849,0.4,7.5
0:08:31.618977,0.41,7.5
0:08:31.821012,0.41,7.5
0:08:32.023153,0.41,7.5
0:08:32.223981,0.41,7.5
0:08:32.426569,0.4,7.5
0:08:32.628998,0.41,7.5
0:08:32.830673,0.41,7.5
0:08:33.032892,0.4,7.5
0:08:33.235906,0.39,7.5
0:08:33.438720,0.39,7.5
0:08:33.639802,0.39,7.5
0:08:33.843525,0.41,7.5
0:08:34.057323,0.4,7.5
0:08:34.258263,0.4,7.5
0:08:34.461093,0.4,7.5
0:08:34.661920,0.4,7.5
0:08:34.864006,0.4,7.5
0:08:35.065328,0.4,7.5
0:08:35.266205,0.39,7.5
0:08:35.468529,0.4,7.5
0:08:35.670046,0.4,7.5
0:08:35.873122,0.4,7.5
0:08:36.075126,0.39,7.5
0:08:36.277084,0.39,7.5
0:08:36.492108,0.4,7.5
0:08:36.693344,0.39,7.5
0:08:36.908251,0.39,7.5
0:08:37.109100,0.39,7.5
0:08:37.312240,0.39,7.5
0:08:37.513348,0.4,7.5
0:08:37.717324,0.39,7.5
0:08:37.919404,0.39,7.5
0:08:38.119621,0.4,7.5
0:08:38.321143,0.39,7.5
0:08:38.522976,0.39,7.5
0:08:38.737752,0.4,7.5
0:08:38.940186,0.38,7.5
0:08:39.154771,0.39,7.5
0:08:39.355731,0.39,7.5
0:08:39.559892,0.39,7.5
0:08:39.763964,0.4,7.5
0:08:39.964348,0.4,7.5
0:08:40.167345,0.39,7.5
0:08:40.369301,0.4,7.5
0:08:40.572320,0.39,7.5
0:08:40.785872,0.39,7.5
0:08:40.987663,0.4,7.5
0:08:41.190866,0.38,7.5
0:08:41.392254,0.38,7.5
0:08:41.593966,0.4,7.5
0:08:41.794949,0.39,7.5
0:08:41.995897,0.4,7.5
0:08:42.197022,0.4,7.5
0:08:42.397692,0.39,7.5
0:08:42.600434,0.4,7.5
0:08:42.803969,0.4,7.5
0:08:43.007355,0.39,7.5
0:08:43.209113,0.39,7.5
0:08:43.423802,0.39,7.5
0:08:43.626847,0.39,7.5
0:08:43.841828,0.4,7.5
0:08:44.042804,0.39,7.5
0:08:44.245082,0.39,7.5
0:08:44.445461,0.4,7.5
0:08:44.649078,0.39,7.5
0:08:44.852385,0.39,7.5
0:08:45.067769,0.39,7.5
0:08:45.281155,0.38,7.5
0:08:45.486695,0.4,7.5
0:08:45.689637,0.4,7.5
0:08:45.904032,0.4,7.5
0:08:46.107510,0.4,7.5
0:08:46.309130,0.4,7.5
0:08:46.511274,0.4,7.5
0:08:46.717082,0.39,7.5
0:08:46.918032,0.39,7.5
0:08:47.120401,0.39,7.5
0:08:47.321002,0.39,7.5
0:08:47.535363,0.4,7.5
0:08:47.740049,0.39,7.5
0:08:47.955376,0.39,7.5
0:08:48.156659,0.4,7.5
0:08:48.357421,0.39,7.5
0:08:48.558734,0.4,7.5
0:08:48.762303,0.4,7.5
0:08:48.966149,0.38,7.5
0:08:49.166341,0.4,7.5
0:08:49.367302,0.4,7.5
0:08:49.569538,0.43,7.5
0:08:49.770278,0.43,7.5
0:08:49.973842,0.66,7.5
0:08:50.188851,0.66,7.5
0:08:50.391659,0.58,7.5
0:08:50.592887,0.55,7.5
0:08:50.796623,0.55,7.5
0:08:50.997974,0.4,7.5
0:08:51.202106,0.4,7.5
0:08:51.402895,0.41,7.5
0:08:51.604171,0.41,7.5
0:08:51.806342,0.4,7.5
0:08:52.010468,0.41,7.5
0:08:52.224018,0.41,7.5
0:08:52.426027,0.4,7.5
0:08:52.627088,0.4,7.5
0:08:52.827180,0.39,7.5
0:08:53.042176,0.39,7.5
0:08:53.242425,0.41,7.5
0:08:53.444656,0.4,7.5
0:08:53.648495,0.4,7.5
0:08:53.849765,0.4,7.5
0:08:54.052185,0.39,7.5
0:08:54.253931,0.4,7.5
0:08:54.455603,0.4,7.5
0:08:54.659201,0.39,7.5
0:08:54.872923,0.39,7.5
0:08:55.073939,0.39,7.5
0:08:55.276065,0.39,7.5
0:08:55.479253,0.4,7.5
0:08:55.682232,0.39,7.5
0:08:55.884908,0.39,7.5
0:08:56.085071,0.4,7.5
0:08:56.286502,0.39,7.5
0:08:56.488233,0.39,7.5
0:08:56.688818,0.4,7.5
0:08:56.893376,0.38,7.5
0:08:57.094448,0.39,7.5
0:08:57.298052,0.39,7.5
0:08:57.513050,0.39,7.5
0:08:57.713919,0.4,7.5
0:08:57.914042,0.4,7.5
0:08:58.115036,0.4,7.5
0:08:58.317584,0.39,7.5
0:08:58.519088,0.39,7.5
0:08:58.720061,0.39,7.5
0:08:58.922284,0.38,7.5
0:08:59.124271,0.4,7.5
0:08:59.327492,0.4,7.5
0:08:59.529589,0.39,7.5
0:08:59.732170,0.4,7.5
0:08:59.932626,0.4,7.5
0:09:00.133917,0.39,7.5
0:09:00.335769,0.4,7.5
0:09:00.537867,0.38,7.5
0:09:00.739919,0.38,7.5
0:09:00.940532,0.4,7.5
0:09:01.142914,0.39,7.5
0:09:01.345096,0.39,7.5
0:09:01.546849,0.39,7.5
0:09:01.748177,0.4,7.5
0:09:01.949178,0.39,7.5
0:09:02.151383,0.39,7.5
0:09:02.351652,0.39,7.5
0:09:02.554202,0.39,7.5
0:09:02.758805,0.39,7.5
0:09:02.961178,0.39,7.5
0:09:03.163992,0.39,7.5
0:09:03.366109,0.4,7.5
0:09:03.567912,0.4,7.5
0:09:03.772000,0.39,7.5
0:09:03.972880,0.4,7.5
0:09:04.175789,0.4,7.5
0:09:04.378248,0.39,7.5
0:09:04.579964,0.38,7.5
0:09:04.783044,0.39,7.5
0:09:04.986300,0.39,7.5
0:09:05.186717,0.4,7.5
0:09:05.387801,0.39,7.5
0:09:05.589894,0.39,7.5
0:09:05.791332,0.4,7.5
0:09:05.995762,0.39,7.5
0:09:06.195790,0.39,7.5
0:09:06.400069,0.39,7.5
0:09:06.605151,0.38,7.5
0:09:06.808402,0.4,7.5
0:09:07.010001,0.4,7.5
0:09:07.210122,0.39,7.5
0:09:07.410230,0.5,7.5
0:09:07.613785,0.5,7.5
0:09:07.813965,0.43,7.5
0:09:08.015977,0.59,7.5
0:09:08.218989,0.65,7.5
0:09:08.419427,0.65,7.5
0:09:08.623187,0.63,7.5
0:09:08.837852,0.66,7.5
0:09:09.038340,0.66,7.5
0:09:09.241619,0.65,7.5
0:09:09.444831,0.5,7.5
0:09:09.649938,0.4,7.5
0:09:09.851220,0.4,7.5
0:09:10.054827,0.41,7.5
0:09:10.257267,0.38,7.5
0:09:10.458391,0.38,7.5
0:09:10.659951,0.41,7.5
0:09:10.861258,0.4,7.5
0:09:11.063971,0.41,7.5
0:09:11.266141,0.41,7.5
0:09:11.467133,0.4,7.5
0:09:11.667302,0.41,7.5
0:09:11.871012,0.41,7.5
0:09:12.071207,0.4,7.5
0:09:12.272889,0.39,7.5
0:09:12.473784,0.4,7.5
0:09:12.676360,0.4,7.5
0:09:12.876993,0.4,7.5
0:09:13.079998,0.4,7.5
0:09:13.280811,0.4,7.5
0:09:13.482257,0.4,7.5
0:09:13.684157,0.4,7.5
0:09:13.885376,0.4,7.5
0:09:14.088123,0.38,7.5
0:09:14.291002,0.39,7.5
0:09:14.492341,0.39,7.5
0:09:14.693988,0.39,7.5
0:09:14.894977,0.4,7.5
0:09:15.097827,0.39,7.5
0:09:15.298296,0.39,7.5
0:09:15.500196,0.4,7.5
0:09:15.702056,0.39,7.5
0:09:15.902913,0.39,7.5
0:09:16.105893,0.39,7.5
0:09:16.306511,0.38,7.5
0:09:16.509304,0.4,7.5
0:09:16.712347,0.4,7.5
0:09:16.914999,0.39,7.5
0:09:17.116401,0.4,7.5
0:09:17.317706,0.44,7.5
0:09:17.519565,0.44,7.5
0:09:17.721056,0.45,7.5
0:09:17.921498,0.49,7.5
0:09:18.122074,0.49,7.5
0:09:18.324283,0.45,7.5
0:09:18.526886,0.42,7.5
0:09:18.730727,0.42,7.5
0:09:18.932346,0.43,7.5
0:09:19.133479,0.44,7.5
0:09:19.336949,0.44,7.5
0:09:19.537777,0.44,7.5
0:09:19.752335,0.43,7.5
0:09:19.954246,0.49,7.5
0:09:20.155362,0.49,7.5
0:09:20.356978,0.43,7.5
0:09:20.562105,0.43,7.5
0:09:20.762967,0.43,7.5
0:09:20.963158,0.43,7.5
0:09:21.166141,0.43,7.5
0:09:21.367284,0.45,7.5
0:09:21.568114,0.45,7.5
0:09:21.770593,0.43,7.5
0:09:21.974015,0.51,7.5
0:09:22.174946,0.42,7.5
0:09:22.377537,0.42,7.5
0:09:22.577970,0.42,7.5
0:09:22.780989,0.42,7.5
0:09:22.983743,0.42,7.5
0:09:23.184341,0.45,7.5
0:09:23.387613,0.43,7.5
0:09:23.590979,0.43,7.5
0:09:23.805990,0.43,7.5
0:09:24.006887,0.5,7.5
0:09:24.207364,0.43,7.5
0:09:24.422803,0.43,7.5
0:09:24.624360,0.43,7.5
0:09:24.827456,0.44,7.5
0:09:25.029167,0.43,7.5
0:09:25.231609,0.43,7.5
0:09:25.446836,0.43,7.5
0:09:25.647045,0.43,7.5
0:09:25.851285,0.43,7.5
0:09:26.055466,0.51,7.5
0:09:26.257401,0.44,7.5
0:09:26.458997,0.44,7.5
0:09:26.659380,0.44,7.5
0:09:26.860010,0.42,7.5
0:09:27.063466,0.44,7.5
0:09:27.264850,0.44,7.5
0:09:27.465546,0.43,7.5
0:09:27.668596,0.43,7.5
0:09:27.882907,0.45,7.5
0:09:28.083384,0.45,7.5
0:09:28.286452,0.44,7.5
0:09:28.487455,0.43,7.5
0:09:28.689379,0.43,7.5
0:09:28.891461,0.42,7.5
0:09:29.094169,0.44,7.5
0:09:29.297834,0.43,7.5
0:09:29.502326,0.43,7.5
0:09:29.704962,0.43,7.5
0:09:29.905919,0.42,7.5
0:09:30.106191,0.42,7.5
0:09:30.310581,0.44,7.5
0:09:30.511159,0.41,7.5
0:09:30.713753,0.43,7.5
0:09:30.914298,0.43,7.5
0:09:31.116280,0.42,7.5
0:09:31.320098,0.43,7.5
0:09:31.521650,0.43,7.5
0:09:31.721945,0.43,7.5
0:09:31.922871,0.51,7.5
0:09:32.123954,0.51,7.5
0:09:32.327434,0.44,7.5
0:09:32.531218,0.42,7.5
0:09:32.735091,0.43,7.5
0:09:32.937494,0.43,7.5
0:09:33.140907,0.44,7.5
0:09:33.355021,0.44,7.5
0:09:33.556198,0.44,7.5
0:09:33.758128,0.44,7.5
0:09:33.959076,0.45,7.5
0:09:34.163515,0.42,7.5
0:09:34.364901,0.42,7.5
0:09:34.565645,0.42,7.5
0:09:34.770527,0.43,7.5
0:09:34.971917,0.44,7.5
0:09:35.173988,0.44,7.5
0:09:35.375135,0.43,7.5
0:09:35.577202,0.44,7.5
0:09:35.780405,0.44,7.5
0:09:35.983832,0.42,7.5
0:09:36.185255,0.43,7.5
0:09:36.386648,0.43,7.5
0:09:36.589209,0.44,7.5
0:09:36.804078,0.44,7.5
0:09:37.018975,0.43,7.5
0:09:37.219131,0.43,7.5
0:09:37.422147,0.37,7.5
0:09:37.637352,0.25,7.5
0:09:37.840493,0.25,7.5
0:09:38.055940,0.25,7.5
0:09:38.270812,0.25,7.5
0:09:38.471490,0.25,7.5
0:09:38.672319,0.25,7.5
0:09:38.872483,0.25,7.5
0:09:39.074246,0.25,7.5
0:09:39.289353,0.25,7.5
0:09:39.489899,0.25,7.5
0:09:39.691394,0.25,7.5
0:09:39.891490,0.25,7.5
0:09:40.105937,0.25,7.5
0:09:40.309342,0.25,7.5
0:09:40.511303,0.25,7.5
0:09:40.713394,0.44,7.5
0:09:40.915577,0.44,7.5
0:09:41.116143,0.44,7.5
0:09:41.317187,0.43,7.5
0:09:41.518324,0.43,7.5
0:09:41.720100,0.44,7.5
0:09:41.921168,0.44,7.5
0:09:42.123904,0.43,7.5
0:09:42.324863,0.43,7.5
0:09:42.526148,0.43,7.5
0:09:42.728356,0.51,7.5
0:09:42.928377,0.51,7.5
0:09:43.130798,0.44,7.5
0:09:43.331424,0.43,7.5
0:09:43.533308,0.01,7.5
0:09:43.733772,0.01,7.5
0:09:43.935761,0.01,7.5
0:09:44.138704,0.01,7.5
0:09:44.340429,0.01,7.5
0:09:44.544180,0.01,7.5
0:09:44.747918,0.01,7.5
0:09:44.949423,0.01,7.5
0:09:45.150985,0.01,7.5
0:09:45.354991,0.01,7.5
0:09:45.555313,0.01,7.5
0:09:45.758336,0.01,7.5
0:09:45.960179,0.01,7.5
0:09:46.161107,0.01,7.5
0:09:46.361852,0.01,7.5
0:09:46.564012,0.01,7.5
0:09:46.767300,0.01,7.5
0:09:46.969001,0.01,7.5
0:09:47.184317,0.01,7.5
0:09:47.387795,0.01,7.5
0:09:47.589294,0.01,7.5
0:09:47.789931,0.01,7.5
0:09:48.005014,0.01,7.5
0:09:48.206224,0.01,7.5
0:09:48.409141,0.01,7.5
0:09:48.610648,0.01,7.5
0:09:48.824982,0.01,7.5
0:09:49.028139,0.01,7.5
0:09:49.229850,0.01,7.5
0:09:49.432826,0.01,7.5
0:09:49.647465,0.01,7.5
0:09:49.850364,0.01,7.5
0:09:50.052339,0.01,7.5
0:09:50.267696,0.01,7.5
0:09:50.469127,0.01,7.5
0:09:50.670780,0.01,7.5
0:09:50.874163,0.01,7.5
0:09:51.088998,0.01,7.5
0:09:51.290184,0.01,7.5
0:09:51.495247,0.01,7.5
0:09:51.697543,0.01,7.5
0:09:51.912253,0.01,7.5
0:09:52.115818,0.01,7.5
0:09:52.319797,0.01,7.5
0:09:52.520998,0.01,7.5
0:09:52.736147,0.01,7.5
0:09:52.951184,0.01,7.5
0:09:53.153333,0.01,7.5
0:09:53.368714,0.01,7.5
0:09:53.570271,0.01,7.5
0:09:53.772602,0.01,7.5
0:09:53.973977,0.01,7.5
0:09:54.176194,0.01,7.5
0:09:54.378165,0.01,7.5
0:09:54.579310,0.01,7.5
0:09:54.780218,0.01,7.5
0:09:54.982972,0.01,7.5
0:09:55.186113,0.01,7.5
0:09:55.386345,0.01,7.5
0:09:55.587801,0.01,7.5
0:09:55.789565,0.01,7.5
0:09:55.992408,0.01,7.5
0:09:56.194871,0.01,7.5
0:09:56.396425,0.01,7.5
0:09:56.596916,0.01,7.5
0:09:56.799167,0.01,7.5
0:09:57.001675,0.01,7.5
0:09:57.202547,0.01,7.5
0:09:57.403916,0.01,7.5
0:09:57.606430,0.01,7.5
0:09:57.808171,0.01,7.5
0:09:58.010926,0.01,7.5
0:09:58.211144,0.01,7.5
0:09:58.411234,0.01,7.5
0:09:58.612110,0.01,7.5
0:09:58.816036,0.01,7.5
0:09:59.017020,0.01,7.5
0:09:59.218041,0.01,7.5
0:09:59.421545,0.01,7.5
0:09:59.623894,0.01,7.5
0:09:59.825953,0.01,7.5
